CustomerID,Recency,Frequency,Monetary,AvgBasketValue,CategoryDiversity,TotalItems,Cluster,SegmentName,IsOutlier
12346,326,1,77183.6,77183.6,1,74215,2,Loyal / Core,True
12347,2,7,4310.0,615.7142857142859,103,2458,3,Champions / VIP,False
12348,75,4,1437.24,359.31,21,2332,2,Loyal / Core,False
12349,19,1,1457.55,1457.5500000000002,72,630,0,Recent / Promising,False
12350,310,1,294.4,294.40000000000003,16,196,1,At risk / Lapsed,False
12352,36,7,1385.74,197.9628571428572,57,526,2,Loyal / Core,False
12353,204,1,89.0,89.0,4,20,1,At risk / Lapsed,False
12354,232,1,1079.4,1079.3999999999999,58,530,1,At risk / Lapsed,False
12355,214,1,459.4,459.4,13,240,1,At risk / Lapsed,False
12356,23,3,2487.43,829.1433333333333,52,1573,2,Loyal / Core,False
12357,33,1,6207.67,6207.67,131,2708,2,Loyal / Core,False
12358,2,2,928.0600000000001,464.03,12,242,0,Recent / Promising,False
12359,58,4,6372.58,1593.145,214,1622,2,Loyal / Core,False
12360,52,3,2302.06,767.3533333333335,104,1156,2,Loyal / Core,False
12361,287,1,174.9,174.89999999999998,9,90,1,At risk / Lapsed,False
12362,3,10,4737.23,473.72300000000007,200,2197,3,Champions / VIP,False
12363,110,2,552.0,276.0,23,408,1,At risk / Lapsed,False
12364,8,4,1208.1,302.025,69,1499,0,Recent / Promising,False
12365,291,1,320.69,320.68999999999994,21,173,1,At risk / Lapsed,False
12367,4,1,150.9,150.89999999999998,10,172,0,Recent / Promising,False
12370,51,4,3425.69,856.4224999999999,142,2350,2,Loyal / Core,False
12371,60,1,1527.96,1527.96,62,582,2,Loyal / Core,False
12372,72,3,1196.04,398.68,33,788,2,Loyal / Core,False
12373,311,1,324.6,324.6,13,196,1,At risk / Lapsed,False
12374,25,1,622.93,622.93,32,339,0,Recent / Promising,False
12375,11,2,377.5,188.75000000000003,13,176,0,Recent / Promising,False
12377,315,2,1548.12,774.06,71,942,2,Loyal / Core,False
12378,130,1,4008.62,4008.62,219,2529,2,Loyal / Core,False
12379,82,2,777.24,388.6199999999999,38,402,2,Loyal / Core,False
12380,22,4,2427.81,606.9525,76,1110,2,Loyal / Core,False
12381,5,3,1474.81,491.6033333333333,69,797,0,Recent / Promising,False
12383,185,5,1628.56,325.71200000000005,83,1518,2,Loyal / Core,False
12384,29,2,425.27000000000004,212.635,25,122,0,Recent / Promising,False
12386,338,2,401.9,200.95,10,354,1,At risk / Lapsed,False
12388,16,6,2780.66,463.4433333333334,57,1462,3,Champions / VIP,False
12390,80,1,504.84000000000003,504.8400000000001,31,350,1,At risk / Lapsed,False
12391,22,1,460.89,460.89,92,300,0,Recent / Promising,False
12393,72,4,1582.6000000000001,395.65000000000003,47,816,2,Loyal / Core,False
12394,64,2,1080.48,540.24,25,808,2,Loyal / Core,False
12395,19,12,2682.63,223.5525,90,2097,3,Champions / VIP,False
12397,36,2,2214.9,1107.4500000000003,109,1250,2,Loyal / Core,False
12398,46,1,1435.66,1435.6599999999999,84,1389,2,Loyal / Core,False
12399,119,4,1033.65,258.4125,46,1173,2,Loyal / Core,False
12401,303,1,69.3,69.3,4,10,1,At risk / Lapsed,False
12402,323,1,195.6,195.6,10,92,1,At risk / Lapsed,False
12403,50,1,391.7,391.7,4,94,1,At risk / Lapsed,False
12405,149,1,1390.39,1390.3900000000003,53,849,1,At risk / Lapsed,False
12406,22,2,3415.3,1707.65,92,1818,2,Loyal / Core,False
12407,50,5,1507.1200000000001,301.42400000000004,56,1403,2,Loyal / Core,False
12408,33,5,2618.55,523.7099999999999,80,1391,2,Loyal / Core,False
12409,79,3,11072.67,3690.89,91,5551,2,Loyal / Core,False
12410,309,2,533.33,266.66499999999996,25,207,1,At risk / Lapsed,False
12412,75,3,1142.88,380.96000000000004,42,824,2,Loyal / Core,False
12413,67,3,686.1,228.70000000000002,28,282,2,Loyal / Core,False
12414,217,3,442.41,147.47,15,297,1,At risk / Lapsed,False
12415,24,20,124564.53,6228.2265,443,77373,3,Champions / VIP,True
12417,3,9,3226.1,358.4555555555556,157,1527,3,Champions / VIP,False
12418,113,1,668.58,668.58,34,407,1,At risk / Lapsed,False
12420,64,1,600.39,600.3900000000001,29,345,1,At risk / Lapsed,False
12421,16,4,639.04,159.76000000000002,31,478,0,Recent / Promising,False
12422,96,3,683.5600000000001,227.85333333333327,38,367,2,Loyal / Core,False
12423,1,8,1634.31,204.28875,96,1324,3,Champions / VIP,False
12424,163,2,1760.96,880.4799999999998,30,740,2,Loyal / Core,False
12425,78,1,777.2,777.1999999999999,36,496,1,At risk / Lapsed,False
12426,195,1,510.73,510.72999999999996,29,254,1,At risk / Lapsed,False
12427,22,3,699.8,233.26666666666665,25,526,0,Recent / Promising,False
12428,26,8,6405.26,800.6575,256,3509,3,Champions / VIP,False
12429,9,4,3388.4,847.1,81,1538,3,Champions / VIP,False
12430,43,1,216.4,216.4,10,116,1,At risk / Lapsed,False
12431,36,15,6382.45,425.49666666666667,162,2899,3,Champions / VIP,False
12432,43,4,4359.32,1089.8299999999997,106,1800,2,Loyal / Core,False
12433,1,7,13375.87,1910.8385714285716,219,11071,3,Champions / VIP,True
12434,85,2,806.14,403.07,46,394,2,Loyal / Core,False
12435,80,2,7829.89,3914.9450000000006,31,2055,2,Loyal / Core,False
12436,100,1,429.01000000000005,429.01,15,209,1,At risk / Lapsed,False
12437,2,18,4447.41,247.07833333333332,117,2894,3,Champions / VIP,False
12438,14,2,2466.85,1233.425,83,1169,2,Loyal / Core,False
12441,367,1,155.55,155.55,10,120,1,At risk / Lapsed,False
12442,3,1,144.06,144.06,11,181,0,Recent / Promising,False
12444,21,5,4085.46,817.092,137,1130,2,Loyal / Core,False
12445,22,1,77.4,77.4,3,60,0,Recent / Promising,False
12446,58,1,1002.3100000000001,1002.3100000000001,57,351,1,At risk / Lapsed,False
12447,243,1,431.49,431.49,25,187,1,At risk / Lapsed,False
12448,44,1,365.45,365.4500000000001,21,240,1,At risk / Lapsed,False
12449,22,4,3596.29,899.0725,117,1523,2,Loyal / Core,False
12450,156,2,197.88,98.94,7,128,1,At risk / Lapsed,False
12451,11,5,8995.52,1799.104,264,6574,3,Champions / VIP,False
12452,17,1,348.57,348.57,20,181,0,Recent / Promising,False
12453,134,1,707.09,707.0899999999999,43,473,1,At risk / Lapsed,False
12454,56,1,3528.34,3528.34,15,1006,2,Loyal / Core,False
12455,73,5,2339.86,467.97199999999975,84,2084,2,Loyal / Core,False
12456,44,3,2581.04,860.3466666666667,104,1618,2,Loyal / Core,False
12457,66,6,2043.23,340.53833333333324,52,835,2,Loyal / Core,False
12458,71,2,787.4,393.70000000000005,34,502,2,Loyal / Core,False
12461,155,1,626.88,626.88,34,282,1,At risk / Lapsed,False
12462,19,2,937.59,468.795,50,527,0,Recent / Promising,False
12463,53,4,1200.78,300.195,64,768,2,Loyal / Core,False
12464,10,8,957.05,119.63124999999998,5,95,3,Champions / VIP,False
12465,17,2,682.1899999999999,341.095,45,475,0,Recent / Promising,False
12468,188,2,657.54,328.77,35,362,1,At risk / Lapsed,False
12471,2,27,17424.05,645.3351851851853,148,8104,3,Champions / VIP,True
12472,32,7,6068.11,866.8728571428571,218,4120,3,Champions / VIP,False
12473,54,3,2596.23,865.41,138,2419,2,Loyal / Core,False
12474,17,18,6745.79,374.7661111111111,252,4812,3,Champions / VIP,False
12475,54,1,669.38,669.3799999999999,35,532,1,At risk / Lapsed,False
12476,16,11,5898.42,536.22,176,2357,3,Champions / VIP,False
12477,23,6,13219.74,2203.2900000000004,191,3653,3,Champions / VIP,False
12478,4,1,545.99,545.9900000000001,35,233,0,Recent / Promising,False
12479,11,1,473.2,473.20000000000005,30,382,0,Recent / Promising,False
12480,28,4,2885.63,721.4075,128,1685,2,Loyal / Core,False
12481,23,10,5020.32,502.032,149,3272,3,Champions / VIP,False
12483,17,8,1910.98,238.87250000000003,45,1094,3,Champions / VIP,False
12484,35,4,3953.72,988.43,255,2170,2,Loyal / Core,False
12488,10,3,1244.66,414.88666666666677,45,526,0,Recent / Promising,False
12489,336,1,298.93,298.93,14,103,1,At risk / Lapsed,False
12490,5,10,4859.93,485.99300000000005,130,3033,3,Champions / VIP,False
12491,39,1,424.40000000000003,424.40000000000003,24,258,0,Recent / Promising,False
12492,63,2,227.21,113.60500000000002,18,190,1,At risk / Lapsed,False
12493,166,2,415.74,207.87,19,206,1,At risk / Lapsed,False
12494,16,7,1084.1000000000001,154.87142857142857,62,698,2,Loyal / Core,False
12497,82,1,953.1,953.1,13,1231,1,At risk / Lapsed,False
12498,21,3,349.70000000000005,116.56666666666666,20,156,0,Recent / Promising,False
12500,23,11,4059.82,369.0745454545455,33,2667,3,Champions / VIP,False
12501,337,1,2025.39,2025.39,148,1775,1,At risk / Lapsed,False
12502,96,5,2995.87,599.174,101,794,2,Loyal / Core,False
12504,18,2,428.04999999999995,214.02499999999998,5,87,0,Recent / Promising,False
12506,233,1,73.5,73.50000000000001,23,23,1,At risk / Lapsed,False
12507,134,3,1052.81,350.93666666666667,18,885,2,Loyal / Core,False
12508,26,2,398.27,199.135,57,272,0,Recent / Promising,False
12509,284,1,158.5,158.5,6,54,1,At risk / Lapsed,False
12510,143,2,814.5699999999999,407.285,28,347,1,At risk / Lapsed,False
12512,66,2,138.03,69.015,31,99,1,At risk / Lapsed,False
12513,113,1,558.29,558.2900000000001,34,459,1,At risk / Lapsed,False
12514,267,1,1017.68,1017.6800000000001,51,440,1,At risk / Lapsed,False
12515,353,1,278.7,278.7,15,128,1,At risk / Lapsed,False
12516,78,2,1186.06,593.03,19,868,2,Loyal / Core,False
12517,28,4,2322.84,580.71,231,1361,2,Loyal / Core,False
12518,1,5,1840.89,368.178,83,1306,3,Champions / VIP,False
12519,64,1,286.84,286.84000000000003,16,180,1,At risk / Lapsed,False
12520,79,5,2346.2599999999998,469.25200000000007,120,1423,2,Loyal / Core,False
12521,143,1,545.68,545.68,37,306,1,At risk / Lapsed,False
12522,39,2,156.72,78.36000000000001,10,192,0,Recent / Promising,False
12523,19,11,1699.77,154.52454545454546,83,860,3,Champions / VIP,False
12524,9,8,3945.72,493.21500000000003,112,3669,3,Champions / VIP,False
12526,1,3,1172.66,390.88666666666677,63,624,0,Recent / Promising,False
12527,82,3,330.71000000000004,110.23666666666666,17,233,1,At risk / Lapsed,False
12528,9,6,1645.48,274.24666666666667,49,740,3,Champions / VIP,False
12530,60,4,1500.28,375.07000000000005,50,904,2,Loyal / Core,False
12531,15,1,125.22,125.22,17,45,0,Recent / Promising,False
12532,30,1,313.83000000000004,313.83,15,151,0,Recent / Promising,False
12534,131,1,981.18,981.1800000000001,62,645,1,At risk / Lapsed,False
12535,92,2,716.35,358.175,28,219,1,At risk / Lapsed,False
12536,59,1,4279.71,4279.71,259,2801,2,Loyal / Core,False
12538,29,1,363.95,363.95,21,191,0,Recent / Promising,False
12539,22,4,5568.35,1392.0874999999999,157,2067,2,Loyal / Core,False
12540,20,17,11580.24,681.190588235294,276,6620,3,Champions / VIP,False
12541,30,3,841.18,280.3933333333333,45,675,2,Loyal / Core,False
12544,36,1,316.7,316.70000000000005,18,134,0,Recent / Promising,False
12545,75,2,832.39,416.195,41,517,2,Loyal / Core,False
12546,47,2,1021.5,510.75,58,628,2,Loyal / Core,False
12547,198,2,151.79999999999998,75.9,6,132,1,At risk / Lapsed,False
12548,166,1,67.19999999999999,67.19999999999999,4,48,1,At risk / Lapsed,False
12550,79,1,824.83,824.8299999999999,56,564,1,At risk / Lapsed,False
12551,358,1,168.0,168.0,10,100,1,At risk / Lapsed,False
12552,40,1,317.82,317.82,19,85,0,Recent / Promising,False
12553,8,10,3278.28,327.828,94,1942,3,Champions / VIP,False
12556,50,2,603.71,301.85499999999996,100,358,0,Recent / Promising,False
12557,16,5,11990.960000000001,2398.192,15,4384,3,Champions / VIP,False
12558,8,1,269.96,269.96000000000004,11,196,0,Recent / Promising,False
12559,311,2,525.71,262.85499999999996,20,281,1,At risk / Lapsed,False
12560,5,2,1918.01,959.0050000000001,90,1098,0,Recent / Promising,False
12561,303,1,238.85,238.85,16,177,1,At risk / Lapsed,False
12562,8,7,3385.7400000000002,483.6771428571428,98,1757,3,Champions / VIP,False
12564,261,1,402.9,402.90000000000003,20,130,1,At risk / Lapsed,False
12565,289,1,145.92,145.92000000000002,9,80,1,At risk / Lapsed,False
12566,86,1,297.65,297.65,18,262,1,At risk / Lapsed,False
12567,23,10,8609.28,860.9279999999999,322,4261,3,Champions / VIP,False
12569,2,32,3152.69,98.5215625,91,1747,3,Champions / VIP,True
12571,40,2,519.61,259.805,31,523,0,Recent / Promising,False
12572,9,2,912.42,456.2099999999999,52,446,0,Recent / Promising,False
12573,227,1,160.54000000000002,160.54,26,84,1,At risk / Lapsed,False
12574,316,1,182.45000000000002,182.45000000000002,10,59,1,At risk / Lapsed,False
12576,36,5,1315.83,263.166,72,967,2,Loyal / Core,False
12577,35,3,653.85,217.94999999999996,136,471,2,Loyal / Core,False
12578,21,2,2402.51,1201.255,110,1182,2,Loyal / Core,False
12579,78,1,386.42,386.41999999999996,28,282,1,At risk / Lapsed,False
12580,247,1,379.7,379.7,23,236,1,At risk / Lapsed,False
12581,40,1,179.71,179.70999999999998,14,160,1,At risk / Lapsed,False
12582,239,2,351.36,175.67999999999995,20,296,1,At risk / Lapsed,False
12583,3,15,6705.38,447.0253333333333,114,5028,3,Champions / VIP,False
12584,4,9,2254.15,250.46111111111108,43,413,3,Champions / VIP,False
12585,234,2,1824.1,912.0499999999998,76,1267,2,Loyal / Core,False
12586,17,1,196.94000000000003,196.94000000000003,11,79,0,Recent / Promising,False
12587,8,1,104.0,104.0,3,50,0,Recent / Promising,False
12588,39,1,174.89999999999998,174.89999999999998,9,52,1,At risk / Lapsed,False
12589,29,2,574.68,287.34000000000003,28,302,0,Recent / Promising,False
12590,211,1,9341.26,9341.26,67,4282,2,Loyal / Core,False
12591,317,1,368.85,368.84999999999997,25,225,1,At risk / Lapsed,False
12592,92,2,401.6,200.8,10,288,1,At risk / Lapsed,False
12593,109,3,382.09999999999997,127.36666666666663,13,204,1,At risk / Lapsed,False
12594,38,9,3208.2200000000003,356.4688888888889,49,1772,3,Champions / VIP,False
12596,51,2,450.27,225.135,24,468,0,Recent / Promising,False
12597,19,4,3195.22,798.8050000000001,183,2214,2,Loyal / Core,False
12598,10,7,2807.08,401.0114285714285,83,1952,3,Champions / VIP,False
12599,29,7,888.58,126.94000000000004,31,948,2,Loyal / Core,False
12600,29,10,2311.04,231.10399999999998,31,758,3,Champions / VIP,False
12601,190,5,487.06,97.41199999999999,20,240,2,Loyal / Core,False
12602,59,1,153.12,153.12,12,162,1,At risk / Lapsed,False
12603,22,1,613.1999999999999,613.1999999999999,1,56,0,Recent / Promising,False
12604,79,2,236.18,118.08999999999997,14,200,1,At risk / Lapsed,False
12607,60,1,1579.51,1579.51,101,1228,2,Loyal / Core,False
12609,78,3,964.85,321.6166666666667,56,639,2,Loyal / Core,False
12610,23,4,1747.54,436.8850000000001,84,1039,2,Loyal / Core,False
12611,52,1,1193.32,1193.32,65,846,2,Loyal / Core,False
12612,74,1,668.0400000000001,668.04,18,260,1,At risk / Lapsed,False
12613,57,4,3092.38,773.095,123,1630,2,Loyal / Core,False
12614,278,1,315.6,315.59999999999997,20,76,1,At risk / Lapsed,False
12615,2,4,2093.19,523.2975000000001,81,1365,3,Champions / VIP,False
12616,95,2,641.3,320.65,24,280,1,At risk / Lapsed,False
12617,29,1,355.53,355.53000000000003,39,213,0,Recent / Promising,False
12618,22,1,137.31,137.31,10,95,0,Recent / Promising,False
12619,16,8,2945.56,368.19499999999994,48,3360,3,Champions / VIP,False
12620,15,3,1303.41,434.47,88,1179,2,Loyal / Core,False
12621,2,20,12411.67,620.5835000000001,260,7369,3,Champions / VIP,True
12622,232,1,162.1,162.09999999999997,10,68,1,At risk / Lapsed,False
12623,276,1,269.1,269.1,17,189,1,At risk / Lapsed,False
12624,106,2,569.13,284.565,35,351,1,At risk / Lapsed,False
12625,212,2,2413.82,1206.9100000000003,72,1597,2,Loyal / Core,False
12626,23,9,5954.48,661.6088888888889,231,3416,3,Champions / VIP,False
12627,11,6,4082.53,680.4216666666666,161,2730,3,Champions / VIP,False
12628,4,3,732.46,244.15333333333334,33,445,0,Recent / Promising,False
12630,10,2,1030.88,515.44,59,542,0,Recent / Promising,False
12631,57,1,480.5,480.50000000000006,30,232,1,At risk / Lapsed,False
12633,59,4,1929.98,482.495,72,1149,2,Loyal / Core,False
12635,90,2,1509.18,754.5900000000001,95,1162,2,Loyal / Core,False
12637,67,8,5823.9,727.9875,204,2991,2,Loyal / Core,False
12638,33,1,511.69,511.6900000000001,38,573,0,Recent / Promising,False
12639,239,1,366.1,366.1,21,198,1,At risk / Lapsed,False
12640,24,3,994.58,331.5266666666667,46,301,2,Loyal / Core,False
12641,115,1,145.9,145.9,9,71,1,At risk / Lapsed,False
12642,25,3,905.26,301.7533333333333,38,546,2,Loyal / Core,False
12643,128,6,3041.64,506.94,10,1788,2,Loyal / Core,False
12644,130,1,477.91,477.90999999999997,31,325,1,At risk / Lapsed,False
12645,34,4,1631.18,407.79499999999996,57,1076,2,Loyal / Core,False
12646,5,2,1346.97,673.485,43,897,0,Recent / Promising,False
12647,22,12,3146.82,262.235,77,1399,3,Champions / VIP,False
12648,155,1,300.05,300.04999999999995,20,159,1,At risk / Lapsed,False
12649,107,3,569.51,189.83666666666667,27,583,2,Loyal / Core,False
12650,3,1,242.44000000000003,242.44,19,250,0,Recent / Promising,False
12651,335,1,114.0,114.0,9,78,1,At risk / Lapsed,False
12652,331,1,793.98,793.98,47,498,1,At risk / Lapsed,False
12653,149,2,2209.85,1104.925,37,919,2,Loyal / Core,False
12654,11,5,529.98,105.99600000000001,30,260,0,Recent / Promising,False
12656,17,5,3619.17,723.8340000000001,88,1699,2,Loyal / Core,False
12657,11,4,1427.18,356.795,34,1032,2,Loyal / Core,False
12658,19,1,632.05,632.05,35,317,0,Recent / Promising,False
12659,30,1,73.68,73.68,4,104,1,At risk / Lapsed,False
12660,11,1,227.1,227.10000000000002,12,126,0,Recent / Promising,False
12662,1,11,3543.78,322.16181818181815,128,2041,3,Champions / VIP,False
12664,8,9,4391.88,487.9866666666667,9,1188,3,Champions / VIP,False
12665,325,1,45.0,45.0,2,36,1,At risk / Lapsed,False
12667,58,1,460.13,460.13,32,391,1,At risk / Lapsed,False
12668,12,4,3177.15,794.2875000000001,114,1599,2,Loyal / Core,False
12669,151,2,1427.73,713.865,96,1104,2,Loyal / Core,False
12670,10,5,2744.05,548.81,57,1383,3,Champions / VIP,False
12672,330,1,225.89999999999998,225.9,10,78,1,At risk / Lapsed,False
12673,5,2,574.52,287.26,41,349,0,Recent / Promising,False
12674,39,4,1844.6,461.15,51,1126,2,Loyal / Core,False
12676,25,6,1091.39,181.89833333333334,32,664,2,Loyal / Core,False
12678,42,10,16481.46,1648.146,104,10901,3,Champions / VIP,False
12679,59,4,951.02,237.75500000000002,42,545,2,Loyal / Core,False
12680,1,4,790.81,197.70250000000001,32,439,0,Recent / Promising,False
12681,15,22,12365.54,562.07,266,7457,3,Champions / VIP,True
12682,4,31,11028.22,355.7490322580646,208,5505,3,Champions / VIP,True
12683,4,14,7612.57,543.755,176,4934,3,Champions / VIP,False
12684,8,6,2073.63,345.605,59,1973,3,Champions / VIP,False
12685,28,6,2575.08,429.18,116,1507,2,Loyal / Core,False
12686,372,1,71.14,71.14,6,106,1,At risk / Lapsed,False
12688,114,1,4873.8099999999995,4873.8099999999995,171,3028,2,Loyal / Core,False
12689,26,2,1139.61,569.805,56,622,0,Recent / Promising,False
12690,206,1,335.01,335.00999999999993,15,103,1,At risk / Lapsed,False
12691,28,5,927.8,185.56,20,388,2,Loyal / Core,False
12693,127,4,711.91,177.9775,34,247,2,Loyal / Core,False
12694,70,2,761.67,380.835,31,503,2,Loyal / Core,False
12695,7,4,582.1,145.525,23,220,0,Recent / Promising,False
12697,29,3,757.59,252.53,36,503,2,Loyal / Core,False
12700,8,4,4525.99,1131.4975,192,2944,3,Champions / VIP,False
12701,80,2,725.71,362.855,49,674,2,Loyal / Core,False
12702,20,1,201.0,201.0,11,52,0,Recent / Promising,False
12703,71,1,265.55,265.55,20,163,1,At risk / Lapsed,False
12704,7,8,1740.84,217.60500000000002,63,991,3,Champions / VIP,False
12705,15,8,6382.29,797.7862500000001,227,3970,3,Champions / VIP,False
12707,292,1,603.42,603.42,33,256,1,At risk / Lapsed,False
12708,30,10,2442.91,244.291,85,1292,3,Champions / VIP,False
12709,15,15,9430.52,628.7013333333332,92,3919,3,Champions / VIP,False
12710,97,3,1023.02,341.0066666666667,74,844,2,Loyal / Core,False
12712,29,13,3928.13,302.1638461538462,57,1036,3,Champions / VIP,False
12713,1,1,794.55,794.5500000000002,37,505,0,Recent / Promising,True
12714,9,5,4294.86,858.9720000000001,215,3046,3,Champions / VIP,False
12715,106,1,273.86,273.85999999999996,19,195,1,At risk / Lapsed,False
12716,4,2,963.49,481.74500000000006,59,703,0,Recent / Promising,False
12717,151,2,830.98,415.48999999999995,48,502,1,At risk / Lapsed,False
12718,71,1,202.25,202.25,18,201,1,At risk / Lapsed,False
12719,5,2,572.95,286.475,33,370,0,Recent / Promising,False
12720,3,25,5115.7300000000005,204.62920000000003,210,4635,3,Champions / VIP,False
12721,32,6,2386.13,397.68833333333333,132,1944,2,Loyal / Core,False
12722,85,4,979.63,244.90750000000003,49,565,2,Loyal / Core,False
12723,4,5,707.07,141.41400000000002,52,433,0,Recent / Promising,False
12724,5,4,923.41,230.8525,46,439,0,Recent / Promising,False
12725,371,1,371.8,371.79999999999995,23,162,1,At risk / Lapsed,False
12726,28,7,2411.1,344.4428571428571,56,3132,2,Loyal / Core,False
12727,11,7,3440.7,491.52857142857147,108,2068,3,Champions / VIP,False
12728,71,4,728.33,182.08249999999998,37,413,2,Loyal / Core,False
12729,114,1,417.01,417.01000000000005,25,231,1,At risk / Lapsed,False
12731,24,12,18751.91,1562.6591666666666,108,8429,3,Champions / VIP,True
12732,180,1,218.26000000000002,218.26000000000005,11,110,1,At risk / Lapsed,False
12733,234,1,383.95,383.95000000000005,22,137,1,At risk / Lapsed,False
12734,353,1,110.39999999999999,110.39999999999999,4,88,1,At risk / Lapsed,False
12735,315,2,689.5699999999999,344.78499999999997,37,363,1,At risk / Lapsed,False
12736,333,1,144.0,144.0,3,168,1,At risk / Lapsed,False
12738,372,1,137.35,137.35,10,147,1,At risk / Lapsed,False
12739,99,1,975.54,975.5400000000001,37,485,1,At risk / Lapsed,False
12740,64,1,427.6,427.59999999999997,27,342,1,At risk / Lapsed,False
12743,134,2,546.43,273.21500000000003,114,319,1,At risk / Lapsed,False
12744,56,4,9120.39,2280.0975,177,5234,2,Loyal / Core,False
12747,2,11,4196.01,381.4554545454545,42,1275,3,Champions / VIP,False
12748,1,206,32317.32,156.8801941747573,1766,25511,3,Champions / VIP,True
12749,4,5,4090.88,818.176,160,1471,3,Champions / VIP,False
12750,129,1,275.88,275.88,15,137,1,At risk / Lapsed,False
12752,81,1,4366.78,4366.780000000001,53,2262,2,Loyal / Core,False
12753,23,6,21429.39,3571.565,132,11421,3,Champions / VIP,True
12754,236,3,3010.74,1003.58,49,6481,2,Loyal / Core,False
12755,281,2,3811.95,1905.9749999999997,4,1491,2,Loyal / Core,False
12756,87,1,112.07999999999998,112.08000000000001,4,144,1,At risk / Lapsed,False
12757,16,9,4199.2,466.5777777777778,235,2394,3,Champions / VIP,False
12758,117,2,2791.59,1395.795,84,2135,2,Loyal / Core,False
12759,52,3,1411.44,470.48,80,894,2,Loyal / Core,False
12762,8,2,1702.52,851.2600000000001,61,1220,0,Recent / Promising,False
12763,138,2,494.08,247.04000000000002,16,316,1,At risk / Lapsed,False
12764,317,1,1693.88,1693.88,45,386,1,At risk / Lapsed,False
12766,4,7,6457.63,922.5185714285716,204,3627,3,Champions / VIP,False
12769,239,1,1143.6,1143.6,32,356,1,At risk / Lapsed,False
12770,211,1,1351.45,1351.4499999999998,12,743,1,At risk / Lapsed,False
12772,60,1,752.47,752.4700000000001,54,551,1,At risk / Lapsed,False
12775,17,5,1281.04,256.208,46,870,2,Loyal / Core,False
12778,20,6,693.23,115.53833333333334,39,817,2,Loyal / Core,False
12779,38,8,3981.36,497.66999999999996,88,2024,2,Loyal / Core,False
12781,64,2,786.74,393.37,24,670,2,Loyal / Core,False
12782,5,5,1938.92,387.784,80,1072,3,Champions / VIP,False
12783,2,4,1295.87,323.96750000000003,74,611,0,Recent / Promising,False
12784,15,1,518.42,518.4200000000001,53,298,0,Recent / Promising,False
12785,364,1,255.95,255.95,13,129,1,At risk / Lapsed,False
12787,10,3,418.66,139.55333333333334,16,258,0,Recent / Promising,False
12789,65,1,76.85,76.85000000000001,3,3,1,At risk / Lapsed,False
12790,192,1,294.92,294.9200000000001,20,164,1,At risk / Lapsed,False
12791,374,1,177.60000000000002,177.60000000000002,1,96,1,At risk / Lapsed,False
12792,257,1,344.53999999999996,344.53999999999996,24,215,1,At risk / Lapsed,False
12793,335,2,461.48,230.74,20,292,1,At risk / Lapsed,False
12794,53,2,860.41,430.205,43,592,2,Loyal / Core,False
12795,19,1,318.48,318.48,13,64,0,Recent / Promising,False
12797,366,1,226.03,226.03,12,117,1,At risk / Lapsed,False
12798,10,3,6977.04,2325.68,6,5256,3,Champions / VIP,False
12802,187,1,397.58,397.58000000000004,24,312,1,At risk / Lapsed,False
12808,37,3,455.65000000000003,151.88333333333333,26,187,0,Recent / Promising,False
12809,178,1,405.31,405.31,24,217,1,At risk / Lapsed,False
12811,262,2,458.85,229.42499999999998,26,227,1,At risk / Lapsed,False
12812,45,1,229.64000000000001,229.64,15,164,1,At risk / Lapsed,False
12814,102,1,85.92,85.92,1,48,1,At risk / Lapsed,False
12815,148,2,863.46,431.72999999999996,37,374,1,At risk / Lapsed,False
12816,96,2,452.20000000000005,226.1,26,125,1,At risk / Lapsed,False
12817,281,1,126.03999999999999,126.03999999999999,3,52,1,At risk / Lapsed,False
12818,262,1,1182.0800000000002,1182.08,13,920,1,At risk / Lapsed,False
12820,3,4,942.34,235.585,55,722,0,Recent / Promising,False
12821,214,1,92.72,92.72,6,70,1,At risk / Lapsed,False
12822,71,2,948.88,474.4400000000001,41,550,2,Loyal / Core,False
12823,75,5,1759.5,351.9,1,230,2,Loyal / Core,False
12824,60,1,397.12,397.11999999999995,25,232,1,At risk / Lapsed,False
12826,3,7,1474.72,210.67428571428573,58,1058,3,Champions / VIP,False
12827,6,3,430.15000000000003,143.38333333333333,19,197,0,Recent / Promising,False
12828,3,6,1018.71,169.785,46,494,3,Champions / VIP,False
12829,337,2,293.0,146.5,9,376,1,At risk / Lapsed,False
12830,38,6,6814.64,1135.7733333333335,13,9848,2,Loyal / Core,False
12831,262,1,215.05,215.05,9,135,1,At risk / Lapsed,False
12832,32,2,383.03,191.51500000000001,27,195,0,Recent / Promising,False
12833,145,1,417.38,417.38,24,156,1,At risk / Lapsed,False
12834,283,1,312.38,312.38,18,110,1,At risk / Lapsed,False
12836,59,4,2612.86,653.2149999999999,148,1064,2,Loyal / Core,False
12837,173,1,134.1,134.1,12,24,1,At risk / Lapsed,False
12838,34,2,683.13,341.565,115,359,0,Recent / Promising,False
12839,3,14,5591.42,399.38714285714286,95,3807,3,Champions / VIP,False
12840,144,4,2726.77,681.6925,67,1511,2,Loyal / Core,False
12841,5,25,4022.35,160.894,229,2757,3,Champions / VIP,False
12842,70,2,1118.99,559.495,34,547,2,Loyal / Core,False
12843,66,8,1702.26,212.78250000000003,69,781,2,Loyal / Core,False
12844,29,2,325.96000000000004,162.98,47,125,0,Recent / Promising,False
12845,267,4,354.09,88.5225,26,204,1,At risk / Lapsed,False
12847,22,1,871.54,871.5399999999998,72,909,0,Recent / Promising,False
12849,31,2,1033.25,516.625,46,605,2,Loyal / Core,False
12851,97,1,135.18,135.18,43,109,1,At risk / Lapsed,False
12852,295,1,311.55,311.55,17,149,1,At risk / Lapsed,False
12853,135,6,1957.1000000000001,326.1833333333334,66,800,2,Loyal / Core,False
12854,79,3,1324.5,441.50000000000006,95,627,2,Loyal / Core,False
12855,373,1,38.1,38.1,3,30,1,At risk / Lapsed,True
12856,8,6,2179.93,363.32166666666666,155,1079,3,Champions / VIP,False
12857,211,2,1106.4,553.2,37,343,1,At risk / Lapsed,False
12863,52,1,521.2,521.2,5,188,1,At risk / Lapsed,False
12864,138,1,147.12,147.12,3,216,1,At risk / Lapsed,False
12865,26,2,1568.23,784.115,86,925,2,Loyal / Core,False
12866,283,1,499.12,499.12,25,167,1,At risk / Lapsed,False
12867,26,7,4036.82,576.6885714285714,240,4298,3,Champions / VIP,False
12868,186,6,1607.0600000000002,267.84333333333336,72,928,2,Loyal / Core,False
12871,84,2,380.64,190.32000000000002,8,200,1,At risk / Lapsed,False
12872,327,2,599.97,299.98500000000007,58,319,1,At risk / Lapsed,False
12873,282,1,374.0,374.0,4,128,1,At risk / Lapsed,False
12875,143,2,343.2300000000001,171.61500000000004,1,2019,1,At risk / Lapsed,False
12876,58,2,2053.02,1026.51,66,1930,2,Loyal / Core,False
12877,4,12,1535.77,127.98083333333335,100,1178,3,Champions / VIP,False
12878,236,2,854.99,427.495,38,547,1,At risk / Lapsed,False
12879,45,3,573.22,191.07333333333335,7,370,2,Loyal / Core,False
12881,276,1,298.0,298.0,7,21,1,At risk / Lapsed,False
12882,9,2,1463.04,731.5199999999999,12,246,0,Recent / Promising,False
12883,25,4,703.47,175.8675,39,196,2,Loyal / Core,False
12884,88,1,309.05,309.05000000000007,7,43,1,At risk / Lapsed,False
12885,63,3,1175.22,391.73999999999995,66,655,2,Loyal / Core,False
12886,68,2,1378.4,689.1999999999999,75,770,2,Loyal / Core,False
12888,214,2,354.12,177.06,4,76,1,At risk / Lapsed,False
12890,24,1,380.46999999999997,380.47,78,259,0,Recent / Promising,False
12891,186,3,331.0,110.33333333333333,2,950,1,At risk / Lapsed,False
12893,31,1,188.14,188.14000000000001,27,96,0,Recent / Promising,False
12895,42,2,372.8,186.4,22,210,0,Recent / Promising,False
12897,205,2,216.5,108.25,3,110,1,At risk / Lapsed,False
12901,9,28,17654.54,630.5192857142856,30,23075,3,Champions / VIP,True
12902,265,1,138.68,138.67999999999998,10,66,1,At risk / Lapsed,False
12904,18,2,509.58,254.79,59,302,0,Recent / Promising,False
12906,12,5,2919.81,583.962,55,1749,3,Champions / VIP,False
12908,176,2,750.0,375.0,1,1200,1,At risk / Lapsed,False
12909,40,5,2178.67,435.73400000000004,78,1280,2,Loyal / Core,False
12910,23,8,3075.04,384.38000000000005,48,1692,3,Champions / VIP,False
12912,3,5,1662.3,332.46,17,670,3,Champions / VIP,False
12913,5,5,2483.63,496.72599999999994,37,1419,3,Champions / VIP,False
12915,149,2,363.65,181.825,19,93,1,At risk / Lapsed,False
12916,139,4,3006.15,751.5374999999999,53,1119,2,Loyal / Core,False
12917,128,1,594.0,594.0,2,120,1,At risk / Lapsed,False
12919,8,6,1335.19,222.53166666666667,34,673,3,Champions / VIP,False
12920,17,1,164.23,164.23000000000002,27,129,0,Recent / Promising,False
12921,9,37,16587.09,448.29972972972973,233,9526,3,Champions / VIP,True
12922,161,1,405.38,405.38,28,370,1,At risk / Lapsed,False
12923,64,1,175.72,175.71999999999997,27,68,1,At risk / Lapsed,False
12924,88,4,925.75,231.43750000000003,21,480,2,Loyal / Core,False
12925,5,2,694.05,347.025,42,541,0,Recent / Promising,False
12928,35,5,2062.7000000000003,412.53999999999996,59,1472,2,Loyal / Core,False
12929,312,1,117.85,117.85,8,37,1,At risk / Lapsed,False
12930,78,2,415.8,207.9,20,252,1,At risk / Lapsed,False
12931,22,15,42055.96,2803.730666666667,28,28004,3,Champions / VIP,True
12933,24,3,607.53,202.51,102,499,0,Recent / Promising,False
12935,2,7,2160.7,308.6714285714285,80,1853,3,Champions / VIP,False
12936,17,4,1063.9,265.97499999999997,56,559,2,Loyal / Core,False
12937,15,4,1504.27,376.06750000000005,81,1007,2,Loyal / Core,False
12938,26,1,114.14,114.13999999999999,9,140,0,Recent / Promising,False
12939,64,8,11581.8,1447.7250000000001,21,4876,3,Champions / VIP,False
12940,55,2,913.54,456.77,87,411,2,Loyal / Core,False
12942,131,3,683.9,227.9666666666667,68,203,2,Loyal / Core,False
12944,36,2,604.51,302.25499999999994,29,289,0,Recent / Promising,False
12945,288,1,462.95,462.95000000000005,23,165,1,At risk / Lapsed,False
12947,144,6,1603.99,267.33166666666665,83,1165,2,Loyal / Core,False
12948,16,7,2064.95,294.99285714285713,82,1080,3,Champions / VIP,False
12949,31,8,4167.22,520.9025,166,2381,3,Champions / VIP,False
12950,2,3,1843.0,614.3333333333334,13,1380,0,Recent / Promising,False
12951,9,6,1064.07,177.345,53,503,2,Loyal / Core,False
12952,6,4,1387.79,346.9475,64,653,0,Recent / Promising,False
12953,10,1,329.85,329.85,17,84,0,Recent / Promising,False
12955,1,11,4757.16,432.469090909091,81,3664,3,Champions / VIP,False
12956,306,1,108.07,108.07,19,34,1,At risk / Lapsed,False
12957,10,8,4017.54,502.1925,208,2549,3,Champions / VIP,False
12962,7,2,266.39,133.195,15,129,0,Recent / Promising,False
12963,8,8,1856.63,232.07875,75,881,3,Champions / VIP,False
12965,89,1,771.91,771.91,108,283,1,At risk / Lapsed,False
12966,10,1,160.18,160.18,10,75,0,Recent / Promising,False
12967,358,2,1660.9,830.45,19,438,2,Loyal / Core,False
12968,112,1,135.95,135.95,5,73,1,At risk / Lapsed,False
12970,7,4,452.24,113.06000000000002,116,310,0,Recent / Promising,False
12971,4,86,11189.91,130.11523255813952,94,9289,3,Champions / VIP,True
12974,198,1,144.8,144.8,8,24,1,At risk / Lapsed,False
12976,212,1,738.6,738.6,22,561,1,At risk / Lapsed,False
12977,156,1,39.239999999999995,39.24,9,12,1,At risk / Lapsed,False
12980,158,9,7374.900000000001,819.4333333333333,6,886,2,Loyal / Core,False
12981,30,2,372.21999999999997,186.10999999999996,12,242,0,Recent / Promising,False
12982,243,1,390.54,390.53999999999996,28,288,1,At risk / Lapsed,False
12984,19,1,97.5,97.5,4,26,0,Recent / Promising,False
12985,1,2,1239.38,619.6899999999999,73,1533,0,Recent / Promising,False
12987,74,2,558.7,279.35,27,219,1,At risk / Lapsed,False
12988,292,1,535.32,535.3200000000002,75,136,1,At risk / Lapsed,False
12989,3,15,6924.110000000001,461.6073333333334,41,2943,3,Champions / VIP,False
12990,31,3,409.5,136.50000000000003,8,200,0,Recent / Promising,False
12991,23,2,503.76,251.88000000000002,31,405,0,Recent / Promising,False
12993,23,4,414.76,103.68999999999998,26,240,0,Recent / Promising,False
12994,4,3,974.4200000000001,324.8066666666667,52,459,0,Recent / Promising,False
12995,85,1,211.32,211.32,3,108,1,At risk / Lapsed,False
12997,22,4,1226.89,306.7225,45,664,2,Loyal / Core,False
12999,196,3,455.88,151.96,25,342,1,At risk / Lapsed,False
13000,107,3,534.85,178.2833333333334,30,379,2,Loyal / Core,False
13001,4,13,9818.82,755.2938461538462,166,5505,3,Champions / VIP,False
13002,318,1,120.94999999999999,120.94999999999999,7,73,1,At risk / Lapsed,False
13003,106,3,149.05,49.68333333333334,4,103,1,At risk / Lapsed,False
13004,12,18,5655.91,314.21722222222223,277,4822,3,Champions / VIP,False
13005,174,2,513.7,256.84999999999997,21,172,1,At risk / Lapsed,False
13006,56,1,81.57,81.57,4,55,1,At risk / Lapsed,False
13008,323,1,229.46999999999997,229.47000000000003,14,175,1,At risk / Lapsed,False
13011,372,1,50.550000000000004,50.550000000000004,3,13,1,At risk / Lapsed,False
13012,9,8,1661.8400000000001,207.73000000000002,67,824,3,Champions / VIP,False
13013,1,13,4810.9400000000005,370.0723076923077,155,2224,3,Champions / VIP,False
13014,11,10,3466.2799999999997,346.628,67,905,3,Champions / VIP,False
13015,53,5,3346.28,669.256,156,1617,2,Loyal / Core,False
13016,73,3,789.89,263.2966666666666,39,527,2,Loyal / Core,False
13017,7,1,204.0,204.0,1,48,0,Recent / Promising,False
13018,16,28,7277.7,259.91785714285714,313,5435,3,Champions / VIP,True
13021,4,9,2616.38,290.7088888888889,101,1352,3,Champions / VIP,False
13023,64,2,599.9,299.95,35,280,1,At risk / Lapsed,False
13026,1,5,975.36,195.072,32,1620,3,Champions / VIP,False
13027,114,6,6912.0,1152.0,6,17280,2,Loyal / Core,False
13028,23,2,661.3199999999999,330.6600000000001,40,798,0,Recent / Promising,False
13029,31,3,1247.5,415.8333333333333,8,134,2,Loyal / Core,False
13030,11,2,799.48,399.74000000000007,76,394,0,Recent / Promising,False
13032,52,2,1010.18,505.0900000000001,55,375,2,Loyal / Core,False
13033,357,1,190.55,190.54999999999998,11,83,1,At risk / Lapsed,False
13034,55,2,642.77,321.38500000000005,37,369,2,Loyal / Core,False
13035,74,2,921.88,460.94,23,644,2,Loyal / Core,False
13037,138,3,881.07,293.69,44,431,2,Loyal / Core,False
13038,80,3,908.46,302.82,24,360,2,Loyal / Core,False
13040,9,2,676.99,338.495,38,355,0,Recent / Promising,False
13043,273,1,516.42,516.4200000000001,13,254,1,At risk / Lapsed,False
13044,291,1,560.47,560.47,33,429,1,At risk / Lapsed,False
13045,99,1,305.28000000000003,305.28,18,221,1,At risk / Lapsed,False
13046,31,2,629.31,314.655,33,264,0,Recent / Promising,False
13047,57,9,3232.59,359.1766666666667,105,1390,2,Loyal / Core,False
13048,14,4,1835.91,458.97749999999996,77,1238,2,Loyal / Core,False
13049,64,2,656.6800000000001,328.3400000000001,14,268,2,Loyal / Core,False
13050,15,17,5833.11,343.1241176470588,245,3747,3,Champions / VIP,False
13052,212,1,348.15000000000003,348.15000000000003,18,222,1,At risk / Lapsed,False
13055,78,3,1214.41,404.80333333333334,74,894,2,Loyal / Core,False
13058,25,3,271.40000000000003,90.46666666666665,5,52,0,Recent / Promising,False
13059,250,1,183.4,183.4,8,35,1,At risk / Lapsed,False
13060,254,1,307.53,307.53000000000003,15,123,1,At risk / Lapsed,False
13061,72,1,248.61,248.61,10,107,1,At risk / Lapsed,False
13062,191,1,346.98,346.98,11,343,1,At risk / Lapsed,False
13064,13,4,1119.49,279.87250000000006,51,516,2,Loyal / Core,False
13065,373,1,205.86,205.85999999999999,14,74,1,At risk / Lapsed,False
13066,24,2,470.8,235.39999999999998,48,322,0,Recent / Promising,False
13067,82,1,115.46000000000001,115.46000000000001,14,32,1,At risk / Lapsed,False
13068,10,2,344.0,172.0,1,200,0,Recent / Promising,False
13069,1,24,4436.12,184.83833333333334,281,5885,3,Champions / VIP,True
13070,192,1,228.8,228.8,9,110,1,At risk / Lapsed,False
13072,267,1,177.15,177.14999999999998,7,69,1,At risk / Lapsed,False
13075,130,1,919.61,919.6100000000001,22,485,1,At risk / Lapsed,False
13077,1,4,729.27,182.31750000000002,99,863,0,Recent / Promising,False
13078,3,26,12627.94,485.68999999999994,95,5630,3,Champions / VIP,True
13079,4,5,220.10000000000002,44.019999999999996,2,62,0,Recent / Promising,False
13080,179,1,58.08,58.08,6,120,1,At risk / Lapsed,False
13081,12,11,28337.38,2576.1254545454544,503,19068,3,Champions / VIP,True
13082,126,9,3613.63,401.5144444444444,63,4324,2,Loyal / Core,False
13083,4,2,303.75,151.875,15,187,0,Recent / Promising,False
13085,158,2,416.08000000000004,208.04000000000002,17,216,1,At risk / Lapsed,False
13089,3,97,58825.83,606.4518556701031,636,31070,3,Champions / VIP,True
13090,9,13,8895.82,684.2938461538462,97,2262,3,Champions / VIP,False
13091,28,1,345.82,345.82000000000005,21,466,0,Recent / Promising,False
13092,71,5,477.83,95.566,19,279,2,Loyal / Core,False
13093,276,8,7832.47,979.0587500000001,97,3961,2,Loyal / Core,True
13094,21,12,1927.3200000000002,160.61,4,1716,3,Champions / VIP,False
13095,71,1,74.39999999999999,74.4,6,144,1,At risk / Lapsed,False
13097,33,10,6010.42,601.0419999999999,214,2363,3,Champions / VIP,False
13098,1,28,28882.44,1031.5157142857142,156,15968,3,Champions / VIP,True
13099,99,1,207.35999999999999,207.35999999999999,1,288,1,At risk / Lapsed,False
13101,234,1,101.19,101.19,8,113,1,At risk / Lapsed,False
13102,1,24,6424.09,267.67041666666665,140,4204,3,Champions / VIP,True
13103,40,1,243.94,243.94,8,82,1,At risk / Lapsed,False
13104,3,6,1098.48,183.08,14,504,3,Champions / VIP,False
13106,133,1,76.5,76.5,1,18,1,At risk / Lapsed,False
13107,44,4,1531.6200000000001,382.9050000000001,54,1293,2,Loyal / Core,False
13108,373,1,350.06,350.05999999999995,10,298,1,At risk / Lapsed,False
13109,60,2,786.54,393.27,41,520,2,Loyal / Core,False
13110,31,7,1488.67,212.66714285714286,109,388,2,Loyal / Core,False
13113,1,24,12245.960000000001,510.2483333333333,95,3045,3,Champions / VIP,True
13115,12,4,2294.78,573.6949999999999,88,1567,2,Loyal / Core,False
13116,138,1,501.14,501.14,30,291,1,At risk / Lapsed,False
13117,22,8,984.91,123.11375000000001,66,945,2,Loyal / Core,False
13118,20,5,1197.81,239.56199999999998,68,410,2,Loyal / Core,False
13120,239,1,30.599999999999998,30.599999999999998,1,12,1,At risk / Lapsed,False
13121,269,1,283.73,283.72999999999996,50,252,1,At risk / Lapsed,False
13122,94,2,922.39,461.195,54,585,2,Loyal / Core,False
13124,90,3,3866.33,1288.7766666666666,185,2147,2,Loyal / Core,False
13126,5,8,2099.64,262.455,124,2143,3,Champions / VIP,False
13127,78,1,259.17,259.16999999999996,15,127,1,At risk / Lapsed,False
13130,94,1,64.0,64.0,2,32,1,At risk / Lapsed,False
13131,23,3,1073.3,357.7666666666666,30,447,2,Loyal / Core,False
13132,262,1,77.3,77.3,3,20,1,At risk / Lapsed,False
13133,274,2,109.8,54.900000000000006,7,32,1,At risk / Lapsed,False
13134,86,4,1793.58,448.39500000000004,94,1059,2,Loyal / Core,False
13135,197,1,3096.0,3096.0,1,4300,2,Loyal / Core,False
13136,56,5,2607.61,521.5219999999999,94,1328,2,Loyal / Core,False
13137,11,8,3650.41,456.30125,345,2226,3,Champions / VIP,False
13138,22,6,962.39,160.39833333333334,31,473,2,Loyal / Core,False
13139,16,7,5064.94,723.5628571428572,132,2425,3,Champions / VIP,False
13140,108,3,423.72,141.24,40,186,1,At risk / Lapsed,False
13141,85,5,2388.75,477.75,113,1548,2,Loyal / Core,False
13142,19,1,307.09,307.0899999999999,23,258,0,Recent / Promising,False
13144,333,1,110.95,110.94999999999999,3,21,1,At risk / Lapsed,False
13145,40,4,618.52,154.63,5,145,2,Loyal / Core,False
13146,26,1,228.91,228.91,16,154,0,Recent / Promising,False
13147,10,4,712.8000000000001,178.20000000000002,1,144,0,Recent / Promising,False
13148,29,12,3707.12,308.9266666666667,231,1975,3,Champions / VIP,False
13149,14,4,1676.06,419.01500000000004,76,1280,2,Loyal / Core,False
13151,296,1,1257.8700000000001,1257.8700000000003,73,363,1,At risk / Lapsed,False
13153,6,1,486.22,486.22,15,418,0,Recent / Promising,False
13155,33,4,971.76,242.94000000000005,67,497,2,Loyal / Core,False
13157,49,4,1741.22,435.30499999999995,69,1439,2,Loyal / Core,False
13158,95,4,1201.06,300.265,59,784,2,Loyal / Core,False
13159,9,4,1437.85,359.4625,114,1059,2,Loyal / Core,False
13160,22,1,91.8,91.8,4,56,0,Recent / Promising,False
13161,313,1,112.75,112.75,8,29,1,At risk / Lapsed,False
13162,122,4,1688.29,422.07249999999993,74,1713,2,Loyal / Core,False
13165,46,2,1021.48,510.74,40,1376,2,Loyal / Core,False
13166,283,1,417.2,417.20000000000005,39,216,1,At risk / Lapsed,False
13167,19,4,779.33,194.83249999999998,50,773,2,Loyal / Core,False
13168,36,4,1319.19,329.7975,102,682,2,Loyal / Core,False
13169,64,2,712.88,356.44,11,272,2,Loyal / Core,False
13170,27,1,116.00999999999999,116.00999999999999,29,147,0,Recent / Promising,False
13171,22,3,468.41,156.13666666666666,37,229,0,Recent / Promising,False
13173,4,2,353.65,176.82500000000002,41,277,0,Recent / Promising,False
13174,16,3,2813.03,937.6766666666666,227,1394,2,Loyal / Core,False
13176,46,1,492.84,492.84000000000003,66,453,0,Recent / Promising,False
13177,65,1,282.45,282.45,17,91,1,At risk / Lapsed,False
13178,26,11,5725.47,520.4972727272726,95,3570,3,Champions / VIP,False
13182,45,1,121.18,121.18,11,201,1,At risk / Lapsed,False
13183,8,9,3957.78,439.7533333333334,51,2208,3,Champions / VIP,False
13184,15,10,1700.29,170.029,137,1691,3,Champions / VIP,False
13185,268,1,71.4,71.4,1,12,1,At risk / Lapsed,False
13186,40,3,1575.89,525.2966666666667,69,820,2,Loyal / Core,False
13187,337,1,236.02,236.01999999999998,37,95,1,At risk / Lapsed,False
13188,11,1,114.60000000000001,114.60000000000001,2,25,0,Recent / Promising,False
13189,19,2,260.68,130.33999999999997,29,842,0,Recent / Promising,False
13192,95,2,911.94,455.9700000000001,57,595,2,Loyal / Core,False
13193,61,1,117.88,117.88000000000001,22,50,1,At risk / Lapsed,False
13194,136,1,60.7,60.7,3,26,1,At risk / Lapsed,False
13196,11,4,1797.78,449.445,97,1224,2,Loyal / Core,False
13198,10,6,3401.2400000000002,566.8733333333333,199,2648,3,Champions / VIP,False
13199,4,37,9802.12,264.9221621621621,47,6175,3,Champions / VIP,True
13200,19,4,870.09,217.52250000000004,42,516,2,Loyal / Core,False
13203,10,4,869.46,217.36499999999998,56,800,0,Recent / Promising,False
13207,15,2,250.26000000000002,125.13000000000001,7,130,0,Recent / Promising,False
13208,59,5,1199.42,239.88399999999996,123,768,2,Loyal / Core,False
13209,30,8,5891.61,736.45125,255,4253,3,Champions / VIP,False
13210,94,1,353.48,353.48,22,316,1,At risk / Lapsed,False
13211,10,3,1197.42,399.14000000000004,45,874,0,Recent / Promising,False
13212,20,3,788.08,262.6933333333333,128,310,0,Recent / Promising,False
13213,57,5,1520.58,304.116,82,1360,2,Loyal / Core,False
13216,268,1,333.74,333.74,5,297,1,At risk / Lapsed,False
13217,122,3,533.98,177.99333333333334,3,262,1,At risk / Lapsed,False
13218,127,1,62.63999999999999,62.64,5,88,1,At risk / Lapsed,False
13220,78,4,819.2900000000001,204.8225,18,196,2,Loyal / Core,False
13221,240,2,844.86,422.43,61,243,1,At risk / Lapsed,False
13223,200,2,163.20000000000002,81.60000000000001,5,88,1,At risk / Lapsed,False
13224,60,2,2152.95,1076.475,100,1515,2,Loyal / Core,False
13225,3,7,6463.84,923.4057142857143,23,3416,3,Champions / VIP,False
13226,273,1,108.21000000000001,108.21,16,80,1,At risk / Lapsed,False
13227,202,1,257.7,257.7,9,99,1,At risk / Lapsed,False
13228,81,1,358.0,358.0,2,200,1,At risk / Lapsed,False
13229,226,1,160.95,160.95,10,63,1,At risk / Lapsed,False
13230,4,14,2806.97,200.49785714285716,393,1665,3,Champions / VIP,False
13232,13,7,1357.0,193.85714285714286,146,776,3,Champions / VIP,False
13233,74,2,605.12,302.55999999999995,43,1004,1,At risk / Lapsed,False
13235,212,1,1031.07,1031.0700000000002,53,441,1,At risk / Lapsed,False
13236,25,2,744.85,372.425,34,416,0,Recent / Promising,False
13238,17,4,700.73,175.18249999999998,20,298,0,Recent / Promising,False
13239,262,1,329.56,329.56,21,327,1,At risk / Lapsed,False
13240,96,4,648.7,162.17499999999998,58,297,2,Loyal / Core,False
13242,112,3,270.40000000000003,90.13333333333334,12,130,1,At risk / Lapsed,False
13243,203,1,600.07,600.0700000000002,56,233,1,At risk / Lapsed,False
13244,93,1,121.74000000000001,121.74,27,38,1,At risk / Lapsed,False
13245,51,1,430.5,430.5,16,125,1,At risk / Lapsed,False
13246,18,6,1987.3,331.21666666666664,110,1602,2,Loyal / Core,False
13247,18,4,501.12,125.27999999999999,18,328,0,Recent / Promising,False
13248,125,2,465.68,232.83999999999997,25,305,1,At risk / Lapsed,False
13249,92,3,711.41,237.13666666666666,21,546,2,Loyal / Core,False
13253,157,2,1030.4,515.1999999999999,35,1572,2,Loyal / Core,False
13255,9,2,399.51,199.755,13,177,0,Recent / Promising,False
13258,12,3,698.58,232.85999999999999,28,287,0,Recent / Promising,False
13259,62,1,292.32,292.31999999999994,77,132,1,At risk / Lapsed,False
13260,61,1,557.62,557.62,8,142,1,At risk / Lapsed,False
13261,269,2,944.1,472.05,8,210,1,At risk / Lapsed,False
13262,263,1,200.29,200.29,11,125,1,At risk / Lapsed,False
13263,1,34,7428.85,218.49558823529412,448,4773,3,Champions / VIP,True
13265,53,5,2107.66,421.53200000000004,66,1752,2,Loyal / Core,False
13266,11,12,3834.2599999999998,319.5216666666667,82,4428,3,Champions / VIP,False
13267,3,19,4521.49,237.97315789473683,88,1969,3,Champions / VIP,False
13268,18,10,3192.65,319.265,256,3582,3,Champions / VIP,False
13269,1,15,5346.2300000000005,356.4153333333333,177,3514,3,Champions / VIP,True
13270,366,1,590.0,590.0,1,200,1,At risk / Lapsed,False
13271,37,1,217.38,217.38,79,253,0,Recent / Promising,False
13272,31,2,276.56,138.28000000000003,15,96,0,Recent / Promising,False
13273,113,1,138.98,138.98,16,153,1,At risk / Lapsed,False
13276,64,2,590.9300000000001,295.465,30,161,1,At risk / Lapsed,False
13277,16,4,258.4,64.6,5,176,0,Recent / Promising,False
13278,41,1,542.73,542.73,46,537,0,Recent / Promising,False
13279,78,1,137.75,137.75,9,73,1,At risk / Lapsed,False
13280,122,3,814.86,271.62,67,522,2,Loyal / Core,False
13282,18,3,1132.14,377.38000000000005,29,307,2,Loyal / Core,False
13283,60,2,93.66,46.83,7,90,1,At risk / Lapsed,False
13284,331,1,201.19,201.19,13,91,1,At risk / Lapsed,False
13285,23,4,2709.12,677.2800000000001,157,2051,2,Loyal / Core,False
13291,156,1,361.11,361.11,41,233,1,At risk / Lapsed,False
13292,39,2,578.9399999999999,289.46999999999997,29,347,0,Recent / Promising,False
13294,190,2,873.74,436.87,48,453,1,At risk / Lapsed,False
13295,360,1,201.20000000000002,201.2,10,82,1,At risk / Lapsed,False
13296,137,1,87.4,87.4,5,78,1,At risk / Lapsed,False
13297,8,4,2089.85,522.4625,52,963,2,Loyal / Core,False
13298,1,1,360.0,360.0,2,96,0,Recent / Promising,True
13299,268,1,142.5,142.5,5,30,1,At risk / Lapsed,False
13300,169,1,371.89,371.89,20,203,1,At risk / Lapsed,False
13301,104,4,600.19,150.0475,74,343,2,Loyal / Core,False
13302,155,1,63.75,63.75,1,5,1,At risk / Lapsed,False
13304,351,1,300.42,300.41999999999996,21,238,1,At risk / Lapsed,False
13305,4,10,2000.86,200.08599999999996,50,1232,3,Champions / VIP,False
13307,120,1,15.0,15.0,1,4,1,At risk / Lapsed,True
13308,23,3,1385.51,461.83666666666664,49,843,2,Loyal / Core,False
13309,7,5,1456.79,291.358,82,1544,3,Champions / VIP,False
13310,28,3,1132.03,377.3433333333334,65,587,2,Loyal / Core,False
13311,4,2,598.57,299.285,25,305,0,Recent / Promising,False
13313,22,5,1555.32,311.06399999999996,47,851,2,Loyal / Core,False
13314,2,3,775.94,258.6466666666667,55,560,0,Recent / Promising,False
13316,37,4,5977.7300000000005,1494.4325000000001,66,6948,2,Loyal / Core,False
13317,66,6,2273.68,378.9466666666667,100,1035,2,Loyal / Core,False
13318,1,3,640.76,213.5866666666667,14,304,0,Recent / Promising,False
13319,5,26,10845.550000000001,417.1365384615384,209,4724,3,Champions / VIP,True
13320,78,4,1548.7,387.17499999999995,77,1096,2,Loyal / Core,False
13321,72,2,567.36,283.68,10,372,1,At risk / Lapsed,False
13322,17,1,199.48000000000002,199.48,25,117,0,Recent / Promising,False
13323,3,5,787.85,157.57,6,175,0,Recent / Promising,False
13324,36,10,7121.95,712.1949999999999,25,5205,3,Champions / VIP,False
13325,82,1,675.3,675.3,12,240,1,At risk / Lapsed,False
13327,39,8,3627.77,453.47125,74,1600,2,Loyal / Core,False
13328,316,1,1308.48,1308.48,17,680,1,At risk / Lapsed,False
13329,32,2,789.0,394.5,16,463,0,Recent / Promising,False
13330,93,3,1140.93,380.31,37,751,2,Loyal / Core,False
13332,14,1,350.9,350.9,21,179,0,Recent / Promising,False
13334,82,3,3536.82,1178.9400000000003,207,1774,2,Loyal / Core,False
13336,77,1,795.12,795.1200000000001,51,559,1,At risk / Lapsed,False
13338,158,1,487.02,487.02000000000004,19,256,1,At risk / Lapsed,False
13339,201,1,860.12,860.12,54,326,1,At risk / Lapsed,False
13340,45,7,10736.48,1533.782857142857,128,5770,3,Champions / VIP,False
13341,261,1,775.85,775.8499999999999,42,301,1,At risk / Lapsed,False
13343,178,1,353.43,353.43,19,135,1,At risk / Lapsed,False
13344,68,3,2543.72,847.9066666666669,115,971,2,Loyal / Core,False
13345,288,1,389.5,389.5,20,141,1,At risk / Lapsed,False
13347,70,1,341.36,341.36,8,205,1,At risk / Lapsed,False
13348,64,1,233.76,233.76,14,136,1,At risk / Lapsed,False
13349,11,1,247.32,247.32,16,225,0,Recent / Promising,False
13350,16,2,979.12,489.56,36,287,0,Recent / Promising,False
13351,66,1,373.94,373.94,16,117,1,At risk / Lapsed,False
13352,60,1,397.97999999999996,397.97999999999996,24,321,1,At risk / Lapsed,False
13354,71,1,743.53,743.5300000000001,51,604,1,At risk / Lapsed,False
13355,122,1,674.7,674.7,32,314,1,At risk / Lapsed,False
13356,80,1,768.24,768.2400000000001,42,325,1,At risk / Lapsed,False
13357,257,1,609.95,609.95,85,322,1,At risk / Lapsed,False
13358,269,1,439.03,439.03000000000003,29,285,1,At risk / Lapsed,False
13359,64,1,439.56,439.55999999999995,23,161,1,At risk / Lapsed,False
13362,9,4,3090.7400000000002,772.6850000000001,128,1382,3,Champions / VIP,False
13363,18,2,992.5,496.25,47,710,0,Recent / Promising,False
13364,71,1,134.95999999999998,134.96,10,71,1,At risk / Lapsed,False
13365,34,2,2225.37,1112.685,122,1247,2,Loyal / Core,False
13366,50,1,56.160000000000004,56.160000000000004,1,144,1,At risk / Lapsed,False
13368,257,2,623.4,311.7,29,327,1,At risk / Lapsed,False
13369,366,1,308.28000000000003,308.28,14,149,1,At risk / Lapsed,False
13370,372,1,754.87,754.8700000000001,39,343,1,At risk / Lapsed,False
13372,90,1,378.64,378.63999999999993,23,159,1,At risk / Lapsed,False
13373,61,3,3312.25,1104.0833333333335,135,1651,2,Loyal / Core,False
13375,89,1,778.65,778.65,37,442,1,At risk / Lapsed,False
13376,99,3,1019.76,339.92,45,493,2,Loyal / Core,False
13379,26,3,572.56,190.85333333333332,85,601,0,Recent / Promising,False
13381,32,6,3639.31,606.5516666666666,77,2029,2,Loyal / Core,False
13382,281,1,222.99,222.99,15,131,1,At risk / Lapsed,False
13384,31,7,4151.93,593.1328571428572,123,2422,2,Loyal / Core,False
13385,330,1,534.57,534.5699999999999,35,281,1,At risk / Lapsed,False
13388,131,2,677.1,338.55,35,282,1,At risk / Lapsed,False
13389,11,3,797.96,265.9866666666666,50,429,0,Recent / Promising,False
13390,75,1,544.08,544.08,13,224,1,At risk / Lapsed,False
13391,204,1,59.8,59.8,1,4,1,At risk / Lapsed,False
13394,2,8,2520.02,315.00250000000005,124,2392,3,Champions / VIP,False
13395,185,1,307.72,307.71999999999997,21,336,1,At risk / Lapsed,False
13396,29,2,1360.99,680.495,42,600,2,Loyal / Core,False
13397,73,5,1544.13,308.82599999999996,28,430,2,Loyal / Core,False
13398,192,1,457.34,457.34000000000003,26,281,1,At risk / Lapsed,False
13402,127,2,621.23,310.6150000000001,32,479,1,At risk / Lapsed,False
13403,18,1,75.0,75.0,3,44,0,Recent / Promising,False
13404,1,2,252.49,126.245,11,111,0,Recent / Promising,False
13405,204,2,557.45,278.72499999999997,24,163,1,At risk / Lapsed,False
13408,2,62,28117.04,453.5006451612903,234,16232,3,Champions / VIP,True
13410,24,5,1003.06,200.61200000000002,15,518,2,Loyal / Core,False
13411,107,1,213.55,213.55,17,72,1,At risk / Lapsed,False
13414,134,3,1390.5,463.5,23,1574,2,Loyal / Core,False
13416,44,2,712.5,356.25,11,142,0,Recent / Promising,False
13417,5,2,640.83,320.415,26,162,0,Recent / Promising,False
13418,12,18,6127.43,340.4127777777778,223,3918,3,Champions / VIP,False
13419,64,1,221.06,221.06,16,275,1,At risk / Lapsed,False
13420,150,2,159.85,79.925,8,101,1,At risk / Lapsed,False
13421,40,2,1840.58,920.2899999999998,87,1156,2,Loyal / Core,False
13422,64,1,2626.3,2626.3,127,1326,2,Loyal / Core,False
13425,108,3,1624.21,541.4033333333334,66,1123,2,Loyal / Core,False
13426,1,10,3641.32,364.13199999999995,103,2245,3,Champions / VIP,False
13427,19,3,582.6,194.20000000000002,25,545,0,Recent / Promising,False
13428,10,1,218.47,218.46999999999997,70,156,0,Recent / Promising,False
13429,11,4,1006.8,251.69999999999996,55,1390,0,Recent / Promising,False
13430,19,2,679.45,339.72499999999997,48,751,0,Recent / Promising,False
13431,67,2,1269.1,634.55,44,672,2,Loyal / Core,False
13434,74,2,534.24,267.12,9,300,1,At risk / Lapsed,False
13435,5,7,3809.8900000000003,544.27,68,2129,3,Champions / VIP,False
13436,2,1,196.89,196.88999999999996,12,76,0,Recent / Promising,False
13437,14,7,3408.06,486.8657142857143,143,1283,3,Champions / VIP,False
13439,255,1,283.71,283.71,54,242,1,At risk / Lapsed,False
13441,92,1,296.64,296.64000000000004,13,204,1,At risk / Lapsed,False
13447,23,3,1129.14,376.3800000000001,55,584,2,Loyal / Core,False
13448,17,6,3539.37,589.8950000000001,137,1660,3,Champions / VIP,False
13449,24,1,291.88,291.88000000000005,19,222,0,Recent / Promising,False
13450,27,6,2043.7199999999998,340.62,32,1982,2,Loyal / Core,False
13451,26,5,2976.15,595.23,315,2149,2,Loyal / Core,False
13452,259,2,590.0,295.0,1,2,1,At risk / Lapsed,False
13453,166,2,356.97999999999996,178.48999999999998,16,134,1,At risk / Lapsed,False
13455,25,2,1058.34,529.1700000000001,42,354,0,Recent / Promising,False
13456,18,6,1766.72,294.4533333333333,43,765,2,Loyal / Core,False
13458,7,14,9646.57,689.0407142857142,242,5508,3,Champions / VIP,False
13460,29,2,183.44,91.72,16,286,0,Recent / Promising,False
13461,39,3,1445.0,481.66666666666674,14,1170,2,Loyal / Core,False
13462,253,1,151.5,151.5,9,62,1,At risk / Lapsed,False
13464,58,1,674.68,674.6800000000001,41,403,1,At risk / Lapsed,False
13466,184,1,307.9,307.90000000000003,17,259,1,At risk / Lapsed,False
13467,11,2,1083.71,541.855,89,584,0,Recent / Promising,False
13468,2,37,5704.97,154.18837837837836,184,2589,3,Champions / VIP,True
13470,99,2,165.0,82.5,7,100,1,At risk / Lapsed,False
13471,1,4,2531.58,632.895,214,1590,3,Champions / VIP,False
13473,61,2,422.64,211.32000000000002,21,266,1,At risk / Lapsed,False
13474,236,1,229.59,229.59,59,132,1,At risk / Lapsed,False
13475,191,4,1431.78,357.94500000000005,64,1012,2,Loyal / Core,False
13476,179,2,1238.47,619.235,56,417,2,Loyal / Core,False
13477,38,6,1454.58,242.43000000000004,57,1021,2,Loyal / Core,False
13479,201,2,300.95,150.475,14,134,1,At risk / Lapsed,False
13481,46,5,1804.56,360.91200000000003,98,1142,2,Loyal / Core,False
13482,232,1,184.64,184.64,11,116,1,At risk / Lapsed,False
13483,66,1,140.34,140.34,10,160,1,At risk / Lapsed,False
13484,241,1,313.8,313.8,8,44,1,At risk / Lapsed,False
13485,233,1,454.24,454.24,23,277,1,At risk / Lapsed,False
13486,78,3,1122.41,374.1366666666666,69,669,2,Loyal / Core,False
13487,58,3,575.4,191.80000000000004,26,265,2,Loyal / Core,False
13488,17,13,8968.31,689.87,271,4518,3,Champions / VIP,False
13489,105,4,449.52,112.38,11,560,2,Loyal / Core,False
13491,52,10,1215.82,121.58199999999997,73,903,2,Loyal / Core,False
13492,136,3,1269.84,423.28,38,408,2,Loyal / Core,False
13493,275,2,498.63,249.315,5,377,1,At risk / Lapsed,False
13494,312,1,316.26000000000005,316.26000000000005,18,162,1,At risk / Lapsed,False
13495,8,5,2044.8700000000001,408.974,34,829,3,Champions / VIP,False
13496,11,2,653.33,326.66499999999996,28,341,0,Recent / Promising,False
13497,283,2,348.05,174.02499999999998,19,163,1,At risk / Lapsed,False
13499,18,5,1159.11,231.82199999999997,31,1365,2,Loyal / Core,False
13500,23,3,1166.77,388.92333333333335,60,609,2,Loyal / Core,False
13501,288,1,1340.32,1340.32,52,560,1,At risk / Lapsed,False
13502,17,3,292.0,97.33333333333331,17,264,0,Recent / Promising,False
13503,71,1,216.85,216.85000000000002,17,248,1,At risk / Lapsed,False
13504,64,1,295.93,295.93000000000006,22,178,1,At risk / Lapsed,False
13505,73,4,3633.63,908.4075,181,2467,2,Loyal / Core,False
13506,316,2,458.52,229.26,26,324,1,At risk / Lapsed,False
13507,3,4,2479.16,619.79,146,1597,3,Champions / VIP,False
13508,244,1,110.97,110.97000000000003,12,24,1,At risk / Lapsed,False
13509,9,6,964.72,160.78666666666666,26,1105,2,Loyal / Core,False
13510,1,4,1791.56,447.89,86,1386,3,Champions / VIP,False
13512,261,1,251.21,251.20999999999998,15,143,1,At risk / Lapsed,False
13513,127,1,205.1,205.09999999999997,10,109,1,At risk / Lapsed,False
13514,74,1,152.20000000000002,152.20000000000002,4,40,1,At risk / Lapsed,False
13515,73,4,891.12,222.78,50,681,2,Loyal / Core,False
13516,21,3,1389.41,463.13666666666677,43,985,2,Loyal / Core,False
13517,60,3,2128.42,709.4733333333334,125,1369,2,Loyal / Core,False
13518,86,1,659.4399999999999,659.4399999999998,36,392,1,At risk / Lapsed,False
13519,78,1,122.75,122.75,8,23,1,At risk / Lapsed,False
13520,59,6,2984.35,497.3916666666666,48,1633,2,Loyal / Core,False
13521,1,3,1092.39,364.12999999999994,312,733,0,Recent / Promising,False
13522,30,1,125.80000000000001,125.80000000000001,5,44,0,Recent / Promising,False
13523,33,5,3964.88,792.976,157,1752,2,Loyal / Core,False
13524,41,5,680.1800000000001,136.036,17,324,2,Loyal / Core,False
13525,15,2,628.78,314.39,5,394,0,Recent / Promising,False
13527,34,7,2287.51,326.7871428571429,153,1692,2,Loyal / Core,False
13529,79,2,307.76,153.88,15,74,1,At risk / Lapsed,False
13531,205,2,483.8,241.90000000000003,17,174,1,At risk / Lapsed,False
13532,34,1,210.31,210.30999999999995,66,129,0,Recent / Promising,False
13533,183,3,270.79,90.26333333333334,61,204,1,At risk / Lapsed,False
13534,2,25,5870.08,234.8032,119,2961,3,Champions / VIP,False
13536,1,7,3448.29,492.61285714285714,91,2136,3,Champions / VIP,False
13538,43,7,1280.85,182.97857142857146,10,175,2,Loyal / Core,False
13539,86,3,631.34,210.4466666666667,35,320,2,Loyal / Core,False
13544,40,2,291.41,145.70499999999998,76,127,0,Recent / Promising,False
13546,12,3,626.99,208.99666666666667,72,359,0,Recent / Promising,False
13548,96,2,682.41,341.20500000000004,114,441,1,At risk / Lapsed,False
13549,26,7,918.2,131.17142857142855,37,458,2,Loyal / Core,False
13551,319,1,91.80000000000001,91.80000000000001,4,12,1,At risk / Lapsed,False
13552,66,12,3740.07,311.67249999999996,82,1417,3,Champions / VIP,False
13555,74,4,4149.28,1037.3200000000002,128,2660,2,Loyal / Core,False
13557,28,2,584.06,292.03,31,546,0,Recent / Promising,False
13558,6,4,605.06,151.265,123,344,0,Recent / Promising,False
13560,7,1,174.37,174.36999999999998,32,64,0,Recent / Promising,False
13561,216,1,141.85999999999999,141.86,14,83,1,At risk / Lapsed,False
13562,82,3,1799.33,599.7766666666666,50,757,2,Loyal / Core,False
13563,84,2,777.53,388.765,49,209,2,Loyal / Core,False
13564,354,2,1198.38,599.1900000000002,67,660,1,At risk / Lapsed,False
13565,19,2,240.22,120.11,35,172,0,Recent / Promising,False
13566,41,2,874.71,437.355,134,575,2,Loyal / Core,False
13568,173,1,192.85,192.85,41,70,1,At risk / Lapsed,False
13569,17,2,372.25,186.12499999999997,72,163,0,Recent / Promising,False
13570,243,1,239.49,239.49000000000004,27,161,1,At risk / Lapsed,False
13571,13,12,2092.32,174.35999999999999,157,1759,3,Champions / VIP,False
13572,206,1,1384.25,1384.2499999999998,32,534,1,At risk / Lapsed,False
13573,50,2,294.4,147.2,24,303,1,At risk / Lapsed,False
13575,23,5,732.0699999999999,146.41400000000002,41,449,2,Loyal / Core,False
13576,10,18,6717.34,373.18555555555554,78,2646,3,Champions / VIP,False
13577,25,4,1687.6000000000001,421.90000000000003,61,791,2,Loyal / Core,False
13579,15,2,467.04,233.52000000000004,19,176,0,Recent / Promising,False
13581,309,1,118.0,118.0,10,30,1,At risk / Lapsed,False
13583,156,1,781.03,781.03,53,725,1,At risk / Lapsed,False
13584,307,1,142.4,142.4,24,37,1,At risk / Lapsed,False
13587,64,1,712.4,712.4,8,180,1,At risk / Lapsed,False
13588,16,9,2478.95,275.43888888888887,131,2606,3,Champions / VIP,False
13589,15,2,379.65,189.82500000000002,21,114,0,Recent / Promising,False
13590,11,6,1981.92,330.3199999999999,70,1848,3,Champions / VIP,False
13591,65,3,1117.13,372.37666666666655,56,485,2,Loyal / Core,False
13592,36,4,247.95999999999998,61.989999999999995,15,84,0,Recent / Promising,False
13593,108,5,2037.0800000000002,407.41600000000005,77,731,2,Loyal / Core,False
13594,53,1,396.97,396.97,26,359,1,At risk / Lapsed,False
13596,6,2,697.04,348.52000000000004,133,406,0,Recent / Promising,False
13598,47,1,180.17000000000002,180.17000000000002,33,58,1,At risk / Lapsed,False
13599,1,21,5153.67,245.41285714285715,171,3294,3,Champions / VIP,True
13600,312,1,219.52,219.51999999999998,19,324,1,At risk / Lapsed,False
13601,45,2,693.32,346.66,90,548,0,Recent / Promising,False
13602,65,1,428.89,428.89,23,267,1,At risk / Lapsed,False
13603,26,1,164.34,164.34,27,164,0,Recent / Promising,False
13606,29,3,280.53999999999996,93.51333333333332,40,279,0,Recent / Promising,False
13607,40,1,678.01,678.0100000000001,93,290,0,Recent / Promising,False
13610,12,7,1131.88,161.69714285714286,165,516,2,Loyal / Core,False
13611,89,3,1171.8,390.5999999999999,67,766,2,Loyal / Core,False
13614,24,4,1610.46,402.615,171,570,2,Loyal / Core,False
13615,319,1,417.69,417.6900000000001,23,189,1,At risk / Lapsed,False
13617,40,3,544.18,181.39333333333335,31,300,2,Loyal / Core,False
13618,174,1,177.34,177.34,13,246,1,At risk / Lapsed,False
13621,117,1,213.85,213.85,19,343,1,At risk / Lapsed,False
13623,31,5,747.78,149.556,75,294,2,Loyal / Core,False
13626,253,1,257.23,257.22999999999996,19,209,1,At risk / Lapsed,False
13627,59,5,1638.47,327.694,84,1269,2,Loyal / Core,False
13629,23,11,7792.36,708.3963636363637,28,4372,3,Champions / VIP,False
13630,5,7,2031.78,290.25428571428574,51,1391,3,Champions / VIP,False
13631,100,11,3070.42,279.1290909090909,6,467,2,Loyal / Core,False
13632,25,5,2121.27,424.254,121,1037,2,Loyal / Core,False
13634,33,5,1575.16,315.032,156,704,2,Loyal / Core,False
13635,68,1,1071.03,1071.03,62,677,1,At risk / Lapsed,False
13636,37,5,949.12,189.824,57,592,2,Loyal / Core,False
13637,52,3,809.25,269.75,78,408,2,Loyal / Core,False
13638,16,1,122.64,122.64,8,93,0,Recent / Promising,False
13639,74,1,1033.34,1033.3400000000001,39,800,1,At risk / Lapsed,False
13642,216,1,354.8,354.8,57,173,1,At risk / Lapsed,False
13643,31,3,519.44,173.14666666666668,24,273,0,Recent / Promising,False
13644,16,4,2624.26,656.065,144,2067,2,Loyal / Core,False
13645,120,1,252.1,252.1,5,158,1,At risk / Lapsed,False
13647,10,4,1678.1200000000001,419.53000000000003,65,895,2,Loyal / Core,False
13649,257,2,346.6,173.3,23,139,1,At risk / Lapsed,False
13650,17,6,1836.34,306.0566666666667,79,922,2,Loyal / Core,False
13651,40,1,79.2,79.2,5,32,1,At risk / Lapsed,False
13652,46,3,1095.08,365.02666666666664,48,578,2,Loyal / Core,False
13654,43,6,2707.33,451.22166666666664,157,2182,2,Loyal / Core,False
13655,114,2,932.97,466.485,52,605,2,Loyal / Core,False
13656,165,2,379.65,189.82500000000002,49,490,1,At risk / Lapsed,False
13657,11,2,382.14,191.07,16,209,0,Recent / Promising,False
13658,10,5,2639.17,527.8340000000001,91,1019,3,Champions / VIP,False
13659,206,2,1573.2,786.5999999999999,92,894,2,Loyal / Core,False
13662,86,3,897.76,299.25333333333333,50,543,2,Loyal / Core,False
13663,179,1,189.47,189.46999999999997,13,91,1,At risk / Lapsed,False
13666,60,3,84.65,28.21666666666667,12,41,1,At risk / Lapsed,False
13667,149,1,305.02,305.0199999999999,82,154,1,At risk / Lapsed,False
13668,3,21,6363.59,303.02809523809526,284,3742,3,Champions / VIP,False
13669,51,2,218.55,109.275,9,237,1,At risk / Lapsed,False
13670,75,1,349.7,349.7,25,282,1,At risk / Lapsed,False
13672,301,2,186.39000000000001,93.195,4,57,1,At risk / Lapsed,False
13673,19,2,396.92,198.45999999999998,47,119,0,Recent / Promising,False
13675,151,2,486.82000000000005,243.41000000000003,25,330,1,At risk / Lapsed,False
13678,152,1,232.6,232.6,16,924,1,At risk / Lapsed,False
13680,1,4,3722.42,930.605,164,1936,3,Champions / VIP,False
13681,18,4,827.83,206.9575,37,360,2,Loyal / Core,False
13682,187,1,59.5,59.5,3,10,1,At risk / Lapsed,False
13684,286,1,67.23,67.23,29,39,1,At risk / Lapsed,False
13685,3,7,3119.44,445.63428571428574,29,5056,3,Champions / VIP,False
13686,183,1,72.0,72.0,8,70,1,At risk / Lapsed,False
13689,63,1,910.0,910.0,6,512,1,At risk / Lapsed,False
13690,59,1,172.25,172.25,9,67,1,At risk / Lapsed,False
13692,25,3,1488.32,496.1066666666666,48,1226,2,Loyal / Core,False
13694,4,50,65039.62,1300.7923999999998,366,63312,3,Champions / VIP,True
13695,31,15,2504.13,166.942,46,1603,3,Champions / VIP,False
13697,39,1,151.29999999999998,151.3,12,177,1,At risk / Lapsed,False
13699,155,1,308.58000000000004,308.58,14,66,1,At risk / Lapsed,False
13700,26,10,2265.12,226.512,139,2304,3,Champions / VIP,False
13703,318,1,99.5,99.5,1,10,1,At risk / Lapsed,False
13704,5,9,2308.06,256.4511111111112,111,1531,3,Champions / VIP,False
13705,8,3,711.86,237.28666666666666,25,363,0,Recent / Promising,False
13706,303,1,330.79,330.79,20,189,1,At risk / Lapsed,False
13707,267,2,806.41,403.205,48,351,1,At risk / Lapsed,False
13708,271,1,294.88,294.88,48,305,1,At risk / Lapsed,False
13709,4,13,6328.05,486.7730769230769,244,3516,3,Champions / VIP,False
13710,32,1,180.48,180.48,8,176,0,Recent / Promising,False
13711,219,2,252.06,126.03000000000002,11,140,1,At risk / Lapsed,False
13712,247,1,228.84,228.83999999999997,10,352,1,At risk / Lapsed,False
13715,281,5,1079.34,215.86800000000002,89,563,2,Loyal / Core,False
13716,269,1,138.28,138.28,21,138,1,At risk / Lapsed,False
13717,32,6,1445.01,240.83500000000004,92,1959,2,Loyal / Core,False
13718,246,2,306.55,153.275,9,173,1,At risk / Lapsed,False
13719,15,5,1041.68,208.336,56,609,2,Loyal / Core,False
13720,117,4,799.9,199.975,42,501,2,Loyal / Core,False
13721,36,1,524.14,524.1400000000001,28,316,0,Recent / Promising,False
13722,132,3,2375.41,791.8033333333333,75,1401,2,Loyal / Core,False
13723,217,1,199.85000000000002,199.85000000000002,6,43,1,At risk / Lapsed,False
13725,50,8,1980.56,247.57,95,806,2,Loyal / Core,False
13726,39,2,1079.6599999999999,539.8299999999999,39,1054,2,Loyal / Core,False
13727,29,2,333.48,166.74,19,162,0,Recent / Promising,False
13728,37,6,1016.14,169.35666666666668,38,458,2,Loyal / Core,False
13730,136,2,752.6,376.3,38,488,1,At risk / Lapsed,False
13731,219,2,610.59,305.295,36,278,1,At risk / Lapsed,False
13732,28,1,491.86,491.86000000000007,33,498,0,Recent / Promising,False
13735,25,4,2885.2400000000002,721.3099999999998,158,1130,2,Loyal / Core,False
13736,5,2,731.9,365.94999999999993,166,497,0,Recent / Promising,False
13737,200,1,339.59999999999997,339.6,29,125,1,At risk / Lapsed,False
13739,18,1,216.9,216.9,3,54,0,Recent / Promising,False
13740,241,1,350.75,350.75,23,425,1,At risk / Lapsed,False
13741,72,3,668.4300000000001,222.81000000000003,34,218,2,Loyal / Core,False
13742,17,12,3131.02,260.9183333333333,200,1124,3,Champions / VIP,False
13743,3,7,1341.6,191.65714285714284,8,1776,3,Champions / VIP,False
13744,95,2,1156.36,578.18,54,1249,2,Loyal / Core,False
13745,162,1,300.04,300.03999999999996,25,496,1,At risk / Lapsed,False
13747,374,1,79.6,79.6,1,8,1,At risk / Lapsed,False
13748,96,5,948.25,189.64999999999998,24,439,2,Loyal / Core,False
13750,54,5,1647.26,329.452,20,516,2,Loyal / Core,False
13751,288,1,296.25,296.25,9,152,1,At risk / Lapsed,False
13752,124,6,1186.28,197.71333333333334,64,876,2,Loyal / Core,False
13753,288,1,741.26,741.26,35,512,1,At risk / Lapsed,False
13754,152,2,282.59999999999997,141.3,11,214,1,At risk / Lapsed,False
13755,4,9,2161.35,240.14999999999998,232,1264,3,Champions / VIP,False
13756,2,14,5189.52,370.68,66,3188,3,Champions / VIP,False
13758,12,7,3190.55,455.79285714285714,104,1844,3,Champions / VIP,False
13759,33,2,659.4100000000001,329.705,24,287,0,Recent / Promising,False
13760,54,2,286.79,143.39499999999998,50,197,1,At risk / Lapsed,False
13761,50,2,1070.65,535.325,68,642,2,Loyal / Core,False
13762,219,1,306.72,306.72,7,272,1,At risk / Lapsed,False
13763,63,1,1714.96,1714.9599999999998,15,728,2,Loyal / Core,False
13764,71,3,1518.76,506.2533333333334,182,929,2,Loyal / Core,False
13767,2,37,17220.36,465.41513513513513,55,7322,3,Champions / VIP,True
13769,2,10,2796.51,279.651,73,1163,3,Champions / VIP,False
13771,64,4,2634.45,658.6125,114,1477,2,Loyal / Core,False
13772,34,3,1132.13,377.3766666666667,141,546,2,Loyal / Core,False
13774,82,1,345.0,345.0,22,192,1,At risk / Lapsed,False
13777,1,33,25977.16,787.1866666666667,36,12897,3,Champions / VIP,True
13778,103,1,178.7,178.7,9,70,1,At risk / Lapsed,False
13780,7,2,360.01,180.00500000000002,56,318,0,Recent / Promising,False
13781,251,1,127.84,127.84,17,30,1,At risk / Lapsed,False
13782,13,6,912.0,152.0,96,371,2,Loyal / Core,False
13784,10,11,2462.79,223.88999999999996,9,2493,3,Champions / VIP,False
13786,367,1,230.39999999999998,230.4,7,136,1,At risk / Lapsed,False
13787,76,2,309.04,154.52,24,337,1,At risk / Lapsed,False
13790,4,1,348.8,348.79999999999995,45,748,0,Recent / Promising,False
13791,128,2,1516.0,758.0,7,1200,2,Loyal / Core,False
13792,66,2,195.55,97.77499999999998,13,92,1,At risk / Lapsed,False
13798,1,57,37153.85,651.8219298245614,113,23948,3,Champions / VIP,True
13799,117,2,688.86,344.43000000000006,32,402,1,At risk / Lapsed,False
13800,310,1,558.32,558.32,33,331,1,At risk / Lapsed,False
13801,67,1,324.8,324.79999999999995,23,168,1,At risk / Lapsed,False
13802,139,3,4599.42,1533.14,55,2572,2,Loyal / Core,False
13803,255,1,277.07,277.07000000000005,17,121,1,At risk / Lapsed,False
13804,31,7,2635.79,376.5414285714286,124,1498,2,Loyal / Core,False
13805,52,2,924.6,462.29999999999995,10,1900,2,Loyal / Core,False
13806,64,1,256.38,256.38,10,56,1,At risk / Lapsed,False
13807,367,1,112.6,112.6,7,36,1,At risk / Lapsed,False
13808,6,5,1747.66,349.53200000000004,70,782,3,Champions / VIP,False
13809,305,1,155.05,155.05,11,29,1,At risk / Lapsed,False
13810,29,2,827.51,413.755,30,307,0,Recent / Promising,False
13811,184,2,519.75,259.875,5,63,1,At risk / Lapsed,False
13812,42,3,485.0,161.66666666666666,32,330,0,Recent / Promising,False
13813,40,4,1168.8600000000001,292.21500000000003,53,541,2,Loyal / Core,False
13814,92,2,1579.12,789.5600000000001,37,864,2,Loyal / Core,False
13815,22,4,3667.36,916.84,131,2540,2,Loyal / Core,False
13816,24,2,499.67,249.835,24,265,0,Recent / Promising,False
13817,29,2,328.98,164.48999999999998,19,208,0,Recent / Promising,False
13819,302,3,1140.35,380.1166666666666,26,1109,2,Loyal / Core,False
13821,145,2,385.64,192.82,51,153,1,At risk / Lapsed,False
13822,6,2,632.0,316.0,90,611,0,Recent / Promising,False
13823,19,2,957.66,478.83,39,439,0,Recent / Promising,False
13824,33,5,1698.94,339.788,34,768,2,Loyal / Core,False
13826,176,1,189.5,189.5,10,82,1,At risk / Lapsed,False
13827,58,3,412.05,137.35,83,141,2,Loyal / Core,False
13828,22,1,209.49,209.49000000000004,15,311,0,Recent / Promising,False
13831,16,6,2202.99,367.16499999999996,58,745,2,Loyal / Core,False
13832,19,1,52.199999999999996,52.199999999999996,3,28,0,Recent / Promising,False
13833,159,1,384.8,384.7999999999999,28,118,1,At risk / Lapsed,False
13835,25,4,834.57,208.6425,48,442,2,Loyal / Core,False
13837,212,2,271.24,135.62,17,183,1,At risk / Lapsed,False
13838,6,4,691.73,172.93249999999998,144,263,0,Recent / Promising,False
13841,253,1,85.0,85.0,1,100,1,At risk / Lapsed,False
13842,59,9,3385.62,376.18000000000006,155,1768,2,Loyal / Core,False
13844,11,1,361.62,361.62,20,196,0,Recent / Promising,False
13845,65,1,312.98,312.98,9,182,1,At risk / Lapsed,False
13846,25,3,865.0600000000001,288.3533333333334,55,388,2,Loyal / Core,False
13848,92,3,1255.0,418.3333333333333,3,3700,2,Loyal / Core,False
13849,52,2,1537.95,768.975,97,1016,2,Loyal / Core,False
13850,129,1,1595.48,1595.4800000000002,93,944,1,At risk / Lapsed,False
13851,96,3,2651.46,883.8199999999998,77,1705,2,Loyal / Core,False
13853,57,1,1090.14,1090.1399999999999,23,312,1,At risk / Lapsed,False
13854,9,25,8109.5199999999995,324.3808,39,2296,3,Champions / VIP,False
13856,169,3,388.5,129.5,10,494,1,At risk / Lapsed,False
13858,57,1,216.17,216.17000000000002,11,75,1,At risk / Lapsed,False
13859,326,1,201.16,201.16,27,129,1,At risk / Lapsed,False
13860,1,5,1245.9,249.18,58,591,3,Champions / VIP,False
13862,18,8,2209.36,276.17,97,1688,3,Champions / VIP,False
13863,248,1,305.78,305.78,20,224,1,At risk / Lapsed,False
13865,58,4,501.56,125.39,26,204,2,Loyal / Core,False
13866,74,1,145.67000000000002,145.67,7,57,1,At risk / Lapsed,False
13867,31,3,1015.29,338.43,51,513,2,Loyal / Core,False
13868,7,2,3192.54,1596.27,32,1964,0,Recent / Promising,False
13869,123,4,3104.95,776.2375,234,1721,2,Loyal / Core,False
13870,2,8,2770.94,346.3675,91,1325,3,Champions / VIP,False
13871,23,13,6403.25,492.5576923076923,155,2806,3,Champions / VIP,False
13873,120,3,389.6,129.86666666666665,21,140,1,At risk / Lapsed,False
13874,358,1,540.45,540.45,18,180,1,At risk / Lapsed,False
13875,54,5,1786.79,357.358,79,1316,2,Loyal / Core,False
13876,64,1,122.7,122.69999999999999,7,36,1,At risk / Lapsed,False
13877,86,1,117.24,117.24000000000001,3,108,1,At risk / Lapsed,False
13878,55,1,1281.53,1281.53,35,475,2,Loyal / Core,False
13880,21,13,3219.77,247.6746153846154,125,1842,3,Champions / VIP,False
13881,4,20,17159.52,857.976,72,10118,3,Champions / VIP,True
13882,3,5,1191.13,238.22600000000003,54,953,3,Champions / VIP,False
13883,11,5,2674.48,534.896,108,1436,3,Champions / VIP,False
13884,7,5,787.6,157.52000000000004,45,300,0,Recent / Promising,False
13885,189,2,506.8,253.4,28,182,1,At risk / Lapsed,False
13886,71,1,243.56,243.56,16,126,1,At risk / Lapsed,False
13887,204,1,349.55,349.54999999999995,19,147,1,At risk / Lapsed,False
13888,120,2,605.63,302.815,38,258,1,At risk / Lapsed,False
13889,93,1,416.90000000000003,416.9,15,146,1,At risk / Lapsed,False
13890,1,10,1883.8100000000002,188.38100000000003,74,831,3,Champions / VIP,False
13892,27,4,632.97,158.2425,26,983,2,Loyal / Core,False
13893,298,1,821.1,821.1000000000001,21,190,1,At risk / Lapsed,False
13894,24,3,564.62,188.2066666666667,25,354,0,Recent / Promising,False
13895,28,4,2593.07,648.2674999999999,97,1365,2,Loyal / Core,False
13897,50,1,311.16,311.15999999999997,17,200,1,At risk / Lapsed,False
13898,326,1,155.93,155.93,12,133,1,At risk / Lapsed,False
13899,16,2,388.52,194.26,19,156,0,Recent / Promising,False
13900,183,3,740.95,246.98333333333332,42,430,2,Loyal / Core,False
13901,72,5,2867.2,573.4399999999999,144,1739,2,Loyal / Core,False
13904,37,2,332.64,166.32000000000002,24,332,0,Recent / Promising,False
13908,80,4,2369.55,592.3875,104,1478,2,Loyal / Core,False
13911,57,9,2580.91,286.7677777777778,120,2731,2,Loyal / Core,False
13914,12,2,626.45,313.225,28,380,0,Recent / Promising,False
13917,50,2,272.04,136.01999999999998,16,228,1,At risk / Lapsed,False
13918,50,2,1212.8400000000001,606.4200000000002,30,1140,2,Loyal / Core,False
13919,59,2,348.81,174.40500000000003,23,472,1,At risk / Lapsed,False
13922,352,1,172.25,172.24999999999997,7,93,1,At risk / Lapsed,False
13923,54,1,351.13,351.13000000000005,20,185,1,At risk / Lapsed,False
13924,2,6,1838.8500000000001,306.47499999999997,90,1575,3,Champions / VIP,False
13925,93,4,678.25,169.5625,28,331,2,Loyal / Core,False
13926,23,1,223.85000000000002,223.85000000000002,11,104,0,Recent / Promising,False
13927,75,1,348.99,348.99000000000007,21,214,1,At risk / Lapsed,False
13928,11,4,464.57,116.1425,23,129,0,Recent / Promising,False
13929,169,2,842.65,421.325,8,143,1,At risk / Lapsed,False
13930,58,2,337.34,168.67,15,274,1,At risk / Lapsed,False
13931,96,2,1237.53,618.765,56,725,2,Loyal / Core,False
13932,295,1,307.4,307.4,16,72,1,At risk / Lapsed,False
13933,109,2,608.7900000000001,304.3949999999999,23,205,1,At risk / Lapsed,False
13934,264,1,922.1,922.0999999999999,31,390,1,At risk / Lapsed,False
13936,180,1,376.58,376.5799999999999,26,330,1,At risk / Lapsed,False
13937,169,1,158.85,158.85,9,123,1,At risk / Lapsed,False
13938,35,1,71.66,71.66,7,70,1,At risk / Lapsed,False
13939,23,3,568.55,189.51666666666665,43,847,0,Recent / Promising,False
13940,17,4,839.14,209.785,39,516,2,Loyal / Core,False
13941,22,5,5112.96,1022.592,24,2364,2,Loyal / Core,False
13946,79,3,561.5699999999999,187.19000000000003,11,443,2,Loyal / Core,False
13947,65,1,90.6,90.6,5,44,1,At risk / Lapsed,False
13948,361,1,102.0,101.99999999999999,3,40,1,At risk / Lapsed,False
13949,3,6,2427.32,404.5533333333333,124,2474,3,Champions / VIP,False
13950,11,4,745.06,186.26500000000001,33,323,0,Recent / Promising,False
13951,176,3,674.45,224.8166666666666,38,459,1,At risk / Lapsed,False
13952,218,2,3251.07,1625.5349999999999,119,1430,2,Loyal / Core,False
13953,7,7,3515.68,502.2399999999999,8,2724,3,Champions / VIP,False
13954,2,2,439.92,219.96,24,150,0,Recent / Promising,False
13955,154,2,322.96,161.48,33,154,1,At risk / Lapsed,False
13956,5,5,1026.42,205.28400000000002,123,491,0,Recent / Promising,False
13959,79,3,598.2,199.39999999999998,79,357,2,Loyal / Core,False
13960,21,2,230.22,115.11,11,142,0,Recent / Promising,False
13962,22,2,169.55,84.775,11,87,0,Recent / Promising,False
13963,308,4,664.54,166.13500000000002,35,460,1,At risk / Lapsed,False
13967,146,1,80.7,80.7,2,42,1,At risk / Lapsed,False
13969,7,18,9053.94,502.9966666666666,334,4542,3,Champions / VIP,False
13971,19,8,2758.26,344.7825,118,1844,3,Champions / VIP,False
13972,71,2,190.25,95.12500000000001,15,187,1,At risk / Lapsed,False
13973,287,1,264.7,264.7,11,109,1,At risk / Lapsed,False
13974,49,1,413.59000000000003,413.59,28,249,1,At risk / Lapsed,False
13975,31,6,2526.28,421.0466666666666,240,1732,2,Loyal / Core,False
13976,207,1,357.98,357.98,10,154,1,At risk / Lapsed,False
13978,15,2,196.79000000000002,98.395,14,315,0,Recent / Promising,False
13979,73,1,869.87,869.8699999999998,54,639,1,At risk / Lapsed,False
13980,60,1,200.14,200.14000000000001,11,172,1,At risk / Lapsed,False
13982,39,4,1871.81,467.9525,72,1136,2,Loyal / Core,False
13983,30,12,2603.43,216.95250000000001,91,1183,3,Champions / VIP,False
13984,27,5,920.51,184.102,14,679,2,Loyal / Core,False
13985,4,15,7060.13,470.67533333333336,108,3445,3,Champions / VIP,False
13986,17,1,320.46,320.46000000000004,12,430,0,Recent / Promising,False
13988,20,6,4147.96,691.3266666666667,188,3044,3,Champions / VIP,False
13989,66,2,1266.08,633.04,33,1313,2,Loyal / Core,False
13990,213,1,311.3,311.3,16,190,1,At risk / Lapsed,False
13991,12,6,854.97,142.495,57,997,2,Loyal / Core,False
13992,30,1,76.8,76.8,5,64,0,Recent / Promising,False
13993,43,9,3466.36,385.15111111111116,66,900,2,Loyal / Core,False
13994,4,6,2313.14,385.52333333333337,122,940,3,Champions / VIP,False
13995,15,5,1393.69,278.738,55,879,2,Loyal / Core,False
13999,10,12,3901.81,325.1508333333333,102,2243,3,Champions / VIP,False
14000,211,1,635.66,635.6600000000001,15,710,1,At risk / Lapsed,False
14001,46,3,2043.0800000000002,681.0266666666668,34,962,2,Loyal / Core,False
14002,134,2,529.73,264.86499999999995,47,877,1,At risk / Lapsed,False
14004,43,7,4582.64,654.6628571428571,102,2668,2,Loyal / Core,False
14005,10,5,2874.72,574.944,53,2478,3,Champions / VIP,False
14006,116,3,962.19,320.72999999999996,22,641,2,Loyal / Core,False
14009,198,2,695.61,347.80499999999995,42,365,1,At risk / Lapsed,False
14012,278,1,328.8,328.8,11,160,1,At risk / Lapsed,False
14013,110,3,473.02,157.67333333333332,30,462,1,At risk / Lapsed,False
14014,77,1,505.18,505.18,39,1076,1,At risk / Lapsed,False
14015,53,1,917.34,917.34,20,378,0,Recent / Promising,False
14016,162,4,4341.21,1085.3025,154,2125,2,Loyal / Core,False
14019,47,3,1421.61,473.86999999999995,37,1037,2,Loyal / Core,False
14020,17,2,642.8,321.40000000000003,37,441,0,Recent / Promising,False
14021,155,3,631.9,210.63333333333335,22,192,1,At risk / Lapsed,False
14022,225,1,440.0,440.0,28,487,1,At risk / Lapsed,False
14023,7,2,584.07,292.03499999999997,30,345,0,Recent / Promising,False
14024,122,2,327.7,163.85000000000002,16,150,1,At risk / Lapsed,False
14027,61,1,104.82,104.82000000000002,6,62,1,At risk / Lapsed,False
14029,63,2,467.66,233.83,15,198,1,At risk / Lapsed,False
14030,18,8,2360.09,295.01124999999996,210,1479,3,Champions / VIP,False
14031,7,19,17286.86,909.8347368421053,119,5788,3,Champions / VIP,True
14032,2,11,2975.59,270.5081818181818,53,2032,3,Champions / VIP,False
14034,22,3,651.8199999999999,217.2733333333333,82,423,0,Recent / Promising,False
14035,29,5,1428.02,285.60400000000004,41,739,2,Loyal / Core,False
14036,285,1,626.65,626.65,38,268,1,At risk / Lapsed,False
14037,176,2,147.20000000000002,73.6,27,46,1,At risk / Lapsed,False
14038,78,3,1560.38,520.1266666666664,64,965,2,Loyal / Core,False
14039,33,1,152.2,152.2,6,92,0,Recent / Promising,False
14040,41,12,3614.92,301.24333333333334,146,1554,3,Champions / VIP,False
14041,266,1,141.41,141.41,21,94,1,At risk / Lapsed,False
14044,27,4,652.82,163.20499999999998,165,308,2,Loyal / Core,False
14045,109,4,1659.75,414.9375,4,535,2,Loyal / Core,False
14046,284,1,151.59,151.59,13,443,1,At risk / Lapsed,False
14047,9,5,1308.6100000000001,261.72200000000004,22,381,2,Loyal / Core,False
14048,305,1,409.93,409.93,83,288,1,At risk / Lapsed,False
14049,17,4,5681.72,1420.43,348,3870,2,Loyal / Core,False
14050,32,2,746.36,373.17999999999995,49,689,0,Recent / Promising,False
14051,1,23,15610.390000000001,678.7126086956523,52,3756,3,Champions / VIP,True
14052,20,1,225.36,225.36,56,89,0,Recent / Promising,False
14053,124,2,260.25,130.125,2,215,1,At risk / Lapsed,False
14054,65,1,92.46,92.46,6,62,1,At risk / Lapsed,False
14055,106,1,725.6400000000001,725.6400000000001,10,216,1,At risk / Lapsed,False
14056,1,23,8214.65,357.1586956521739,320,4273,3,Champions / VIP,True
14057,24,17,6217.96,365.7623529411764,179,4876,3,Champions / VIP,False
14059,267,1,183.6,183.6,8,128,1,At risk / Lapsed,False
14060,5,19,6140.42,323.18,86,5386,3,Champions / VIP,False
14062,10,12,10464.85,872.0708333333336,60,5593,3,Champions / VIP,False
14064,29,5,1353.74,270.748,59,1788,2,Loyal / Core,False
14066,267,1,152.55,152.55,7,45,1,At risk / Lapsed,False
14067,64,2,374.7,187.35,51,361,1,At risk / Lapsed,False
14068,320,1,265.85,265.85,22,73,1,At risk / Lapsed,False
14071,4,8,1424.0,178.0,270,957,3,Champions / VIP,False
14073,32,1,151.04,151.04,13,130,0,Recent / Promising,False
14075,5,3,942.26,314.08666666666664,33,754,0,Recent / Promising,False
14076,129,1,122.47,122.47,43,81,1,At risk / Lapsed,False
14077,41,5,499.41999999999996,99.88400000000001,33,268,2,Loyal / Core,False
14078,102,6,1049.37,174.89499999999998,46,310,2,Loyal / Core,False
14079,125,1,375.1,375.0999999999999,12,301,1,At risk / Lapsed,False
14080,33,1,45.599999999999994,45.599999999999994,4,48,1,At risk / Lapsed,False
14081,302,2,934.52,467.26,126,596,1,At risk / Lapsed,False
14082,365,1,182.25,182.24999999999997,28,110,1,At risk / Lapsed,False
14083,4,9,1018.43,113.1588888888889,162,732,3,Champions / VIP,False
14085,2,18,4448.54,247.14111111111117,272,3184,3,Champions / VIP,False
14087,3,1,194.42,194.42,61,251,0,Recent / Promising,False
14088,10,13,50491.81,3883.9853846153846,379,12665,3,Champions / VIP,True
14089,57,1,161.0,161.0,13,134,1,At risk / Lapsed,False
14090,325,1,76.32000000000001,76.32000000000001,1,72,1,At risk / Lapsed,False
14092,8,14,4076.91,291.2078571428571,117,2066,3,Champions / VIP,False
14093,12,1,442.85,442.84999999999997,95,406,0,Recent / Promising,False
14096,4,17,53258.43,3132.848823529411,1118,16336,3,Champions / VIP,True
14098,37,1,147.35,147.34999999999997,21,104,1,At risk / Lapsed,False
14099,16,11,3104.17,282.1972727272727,167,2179,3,Champions / VIP,False
14100,138,1,194.9,194.90000000000003,24,64,1,At risk / Lapsed,False
14101,74,6,5976.79,996.1316666666668,15,6942,2,Loyal / Core,False
14102,5,5,1360.28,272.056,35,961,3,Champions / VIP,False
14104,155,2,216.20999999999998,108.10499999999999,21,72,1,At risk / Lapsed,False
14105,239,1,1266.23,1266.23,74,800,1,At risk / Lapsed,False
14107,52,7,2703.23,386.17571428571426,61,1793,2,Loyal / Core,False
14108,31,2,597.91,298.95500000000004,33,381,0,Recent / Promising,False
14109,73,1,144.2,144.2,9,88,1,At risk / Lapsed,False
14110,4,12,5683.15,473.5958333333335,94,2445,3,Champions / VIP,False
14111,14,4,692.85,173.2125,10,458,0,Recent / Promising,False
14112,23,7,2915.15,416.45,117,1651,3,Champions / VIP,False
14113,4,4,1840.42,460.10499999999996,26,745,3,Champions / VIP,False
14114,274,2,386.53,193.265,15,101,1,At risk / Lapsed,False
14116,20,5,1382.74,276.54799999999994,61,707,2,Loyal / Core,False
14117,144,1,90.0,90.0,3,72,1,At risk / Lapsed,False
14121,4,4,2780.15,695.0375,148,2082,3,Champions / VIP,False
14124,84,1,419.58000000000004,419.58000000000004,4,1618,1,At risk / Lapsed,False
14125,11,3,2740.43,913.4766666666668,159,1640,2,Loyal / Core,False
14126,8,3,706.1300000000001,235.3766666666667,14,508,0,Recent / Promising,False
14127,123,3,709.71,236.56999999999996,39,321,2,Loyal / Core,False
14128,61,2,637.5,318.7500000000001,40,564,2,Loyal / Core,False
14129,2,5,1123.8600000000001,224.77200000000002,31,592,3,Champions / VIP,False
14130,319,1,483.86,483.86,66,258,1,At risk / Lapsed,False
14132,2,11,3586.0299999999997,326.00272727272727,100,3368,3,Champions / VIP,False
14133,130,3,605.64,201.87999999999997,25,348,2,Loyal / Core,False
14135,2,15,4690.31,312.6873333333333,95,3850,3,Champions / VIP,False
14138,2,2,982.3800000000001,491.1900000000001,40,610,0,Recent / Promising,False
14139,46,1,415.82,415.81999999999994,26,510,1,At risk / Lapsed,False
14140,4,2,935.05,467.525,60,811,0,Recent / Promising,False
14141,3,4,915.13,228.78250000000003,27,355,0,Recent / Promising,False
14142,373,1,311.81,311.81,22,313,1,At risk / Lapsed,False
14143,134,1,115.8,115.8,7,30,1,At risk / Lapsed,False
14145,47,4,3742.2,935.55,6,756,2,Loyal / Core,False
14146,9,5,4191.0,838.2,183,2437,3,Champions / VIP,False
14147,78,2,483.4,241.7,4,108,1,At risk / Lapsed,False
14148,234,1,157.2,157.2,3,16,1,At risk / Lapsed,False
14149,221,1,446.62,446.62000000000006,28,218,1,At risk / Lapsed,False
14150,36,2,658.64,329.32,23,496,0,Recent / Promising,False
14152,75,2,621.29,310.645,47,711,1,At risk / Lapsed,False
14154,239,2,1345.62,672.81,52,465,2,Loyal / Core,False
14155,266,1,118.75,118.75,6,25,1,At risk / Lapsed,False
14156,10,55,117379.63,2134.175090909091,714,57885,3,Champions / VIP,True
14157,20,2,432.88,216.44,45,284,0,Recent / Promising,False
14158,40,1,507.66,507.65999999999997,41,781,0,Recent / Promising,False
14159,20,11,4690.64,426.42181818181814,500,4405,3,Champions / VIP,False
14161,216,3,1110.52,370.17333333333335,87,455,2,Loyal / Core,False
14162,174,2,289.36,144.68,25,142,1,At risk / Lapsed,False
14163,87,4,2445.91,611.4775000000001,36,893,2,Loyal / Core,False
14164,71,2,1631.77,815.8850000000002,28,1033,2,Loyal / Core,False
14165,276,1,122.53999999999999,122.54,23,54,1,At risk / Lapsed,False
14167,39,4,574.84,143.71,27,150,2,Loyal / Core,False
14171,98,1,363.79,363.79,57,167,1,At risk / Lapsed,False
14173,11,4,450.84,112.71000000000002,28,150,0,Recent / Promising,False
14174,33,1,134.46,134.46,26,94,0,Recent / Promising,False
14175,60,3,3222.3,1074.1000000000001,139,1515,2,Loyal / Core,False
14176,297,4,576.9000000000001,144.225,28,209,1,At risk / Lapsed,False
14177,86,4,559.41,139.85250000000002,37,205,2,Loyal / Core,False
14178,9,7,1600.93,228.70428571428576,190,1503,3,Champions / VIP,False
14179,41,2,719.78,359.89,135,330,0,Recent / Promising,False
14180,11,25,4748.52,189.94080000000002,112,719,3,Champions / VIP,False
14184,67,1,452.89,452.89,24,127,1,At risk / Lapsed,False
14185,331,1,197.65,197.65,3,6,1,At risk / Lapsed,False
14188,31,6,2054.36,342.3933333333334,34,1162,2,Loyal / Core,False
14189,2,15,4654.08,310.272,176,3937,3,Champions / VIP,False
14191,2,13,4684.76,360.36615384615385,145,3662,3,Champions / VIP,False
14193,68,2,853.39,426.69500000000005,35,445,2,Loyal / Core,False
14194,5,21,11349.52,540.4533333333334,269,5840,3,Champions / VIP,True
14195,202,2,1012.0,505.9999999999999,7,760,1,At risk / Lapsed,False
14196,107,1,335.52,335.52,6,142,1,At risk / Lapsed,False
14198,18,4,701.4,175.35,35,290,0,Recent / Promising,False
14199,218,1,185.39999999999998,185.39999999999998,2,28,1,At risk / Lapsed,False
14201,60,7,747.44,106.77714285714288,32,590,2,Loyal / Core,False
14204,2,1,161.03,161.02999999999994,36,82,0,Recent / Promising,True
14205,17,2,466.7,233.35000000000002,23,204,0,Recent / Promising,False
14206,239,1,328.15999999999997,328.15999999999997,20,276,1,At risk / Lapsed,False
14208,95,1,151.74,151.73999999999998,10,114,1,At risk / Lapsed,False
14209,11,6,2073.43,345.5716666666667,55,691,3,Champions / VIP,False
14210,106,6,1905.8400000000001,317.64000000000004,66,760,2,Loyal / Core,False
14211,53,9,2241.1,249.01111111111115,87,1242,2,Loyal / Core,False
14212,90,1,1070.48,1070.48,9,1152,1,At risk / Lapsed,False
14214,31,5,1004.38,200.87600000000003,64,751,2,Loyal / Core,False
14215,12,6,1789.72,298.2866666666667,98,1358,3,Champions / VIP,False
14216,3,4,1839.3,459.82500000000005,47,594,3,Champions / VIP,False
14217,2,17,2004.98,117.93999999999998,78,689,3,Champions / VIP,False
14218,43,1,169.48000000000002,169.48000000000002,12,160,1,At risk / Lapsed,False
14219,4,1,89.94,89.94,7,78,0,Recent / Promising,False
14220,247,2,632.4,316.19999999999993,21,272,1,At risk / Lapsed,False
14221,42,9,3432.8,381.4222222222222,123,2191,2,Loyal / Core,False
14222,177,1,683.17,683.1700000000001,41,607,1,At risk / Lapsed,False
14223,92,3,991.13,330.3766666666667,50,585,2,Loyal / Core,False
14224,110,4,1050.12,262.53000000000003,105,514,2,Loyal / Core,False
14226,29,5,2232.19,446.438,64,1308,2,Loyal / Core,False
14227,26,10,3350.96,335.096,117,1820,3,Champions / VIP,False
14229,52,3,1547.2,515.7333333333333,29,610,2,Loyal / Core,False
14231,184,3,925.71,308.57,47,409,2,Loyal / Core,False
14232,43,5,2048.07,409.61400000000003,81,1941,2,Loyal / Core,False
14233,49,4,1462.72,365.68000000000006,30,680,2,Loyal / Core,False
14234,22,4,775.46,193.86500000000007,122,963,2,Loyal / Core,False
14235,75,5,3144.86,628.972,65,1959,2,Loyal / Core,False
14236,81,2,490.86,245.43,15,310,1,At risk / Lapsed,False
14237,373,1,161.0,161.00000000000003,9,38,1,At risk / Lapsed,False
14238,326,1,146.85,146.85,8,111,1,At risk / Lapsed,False
14239,43,11,2380.85,216.44090909090912,83,993,3,Champions / VIP,False
14240,30,2,890.34,445.1700000000001,37,418,0,Recent / Promising,False
14241,184,1,213.70000000000002,213.70000000000005,10,146,1,At risk / Lapsed,False
14242,235,2,280.55,140.275,13,123,1,At risk / Lapsed,False
14243,9,10,2588.77,258.87699999999995,99,1221,3,Champions / VIP,False
14245,220,2,1693.45,846.7249999999999,107,976,2,Loyal / Core,False
14246,111,3,1474.06,491.3533333333334,57,804,2,Loyal / Core,False
14247,278,1,136.76999999999998,136.76999999999998,19,47,1,At risk / Lapsed,False
14248,318,1,302.58,302.58,8,102,1,At risk / Lapsed,False
14250,7,3,1904.05,634.6833333333333,94,1200,0,Recent / Promising,False
14251,2,5,2879.7000000000003,575.9399999999999,37,1674,3,Champions / VIP,False
14256,260,2,969.0600000000001,484.53,51,414,1,At risk / Lapsed,False
14257,64,5,3099.7200000000003,619.9440000000001,88,1682,2,Loyal / Core,False
14258,9,9,12669.98,1407.7755555555555,58,7100,3,Champions / VIP,False
14259,142,1,120.0,120.0,5,68,1,At risk / Lapsed,False
14261,51,2,1163.45,581.725,52,406,2,Loyal / Core,False
14262,8,8,2618.23,327.27874999999995,87,1645,3,Champions / VIP,False
14264,155,2,333.97,166.985,15,70,1,At risk / Lapsed,False
14265,109,2,530.18,265.09,31,330,1,At risk / Lapsed,False
14267,163,3,1516.24,505.41333333333336,25,530,2,Loyal / Core,False
14270,332,1,492.65000000000003,492.65,29,197,1,At risk / Lapsed,False
14271,226,1,112.32,112.32,10,88,1,At risk / Lapsed,False
14272,74,2,437.96,218.98000000000002,33,599,1,At risk / Lapsed,False
14273,51,4,559.97,139.9925,22,264,2,Loyal / Core,False
14276,99,3,1119.74,373.2466666666667,52,744,2,Loyal / Core,False
14277,15,3,4180.2,1393.3999999999999,194,1982,2,Loyal / Core,False
14280,197,1,134.04,134.04,8,52,1,At risk / Lapsed,False
14282,3,15,3729.34,248.62266666666667,70,2668,3,Champions / VIP,False
14284,31,2,595.25,297.625,24,161,0,Recent / Promising,False
14285,21,4,1910.01,477.50250000000005,18,541,2,Loyal / Core,False
14286,24,3,4628.75,1542.9166666666667,220,4338,2,Loyal / Core,False
14287,8,3,176.63,58.876666666666665,9,261,0,Recent / Promising,False
14288,213,1,426.6,426.6,16,188,1,At risk / Lapsed,False
14289,9,6,911.26,151.87666666666667,33,292,2,Loyal / Core,False
14290,11,5,2314.65,462.92999999999995,89,915,3,Champions / VIP,False
14291,2,11,3883.25,353.02272727272725,145,2749,3,Champions / VIP,False
14292,8,9,4871.93,541.3255555555555,64,1663,3,Champions / VIP,False
14293,3,4,1046.56,261.64,51,709,0,Recent / Promising,False
14295,40,1,166.20000000000002,166.2,5,84,1,At risk / Lapsed,False
14297,18,4,1305.33,326.3324999999999,48,865,2,Loyal / Core,False
14298,8,44,51527.3,1171.0749999999998,884,58343,3,Champions / VIP,True
14299,8,9,3965.62,440.6244444444444,94,2149,3,Champions / VIP,False
14300,19,1,43.2,43.2,3,32,0,Recent / Promising,False
14301,117,1,640.14,640.1400000000001,13,606,1,At risk / Lapsed,False
14304,223,1,383.45,383.45000000000005,17,139,1,At risk / Lapsed,False
14305,71,3,1858.96,619.6533333333334,96,1089,2,Loyal / Core,False
14306,51,2,2093.32,1046.6599999999999,33,1075,2,Loyal / Core,False
14307,89,6,2995.72,499.28666666666663,150,2058,2,Loyal / Core,False
14309,8,9,2352.53,261.39222222222224,74,1633,3,Champions / VIP,False
14311,243,1,310.26,310.26,20,146,1,At risk / Lapsed,False
14312,47,6,1611.59,268.5983333333333,74,1012,2,Loyal / Core,False
14314,107,1,120.0,120.0,8,296,1,At risk / Lapsed,False
14315,45,6,2481.13,413.5216666666667,64,1021,2,Loyal / Core,False
14317,65,1,508.58000000000004,508.58,24,255,1,At risk / Lapsed,False
14320,207,2,477.79,238.89499999999998,29,325,1,At risk / Lapsed,False
14321,11,5,1530.75,306.15000000000003,111,2406,2,Loyal / Core,False
14323,115,2,605.0600000000001,302.53000000000003,32,350,1,At risk / Lapsed,False
14326,242,1,183.85,183.85000000000002,8,103,1,At risk / Lapsed,False
14327,163,1,311.65,311.65000000000003,12,139,1,At risk / Lapsed,False
14329,17,7,5014.84,716.4057142857142,218,3095,3,Champions / VIP,False
14331,124,2,462.65999999999997,231.32999999999998,27,252,1,At risk / Lapsed,False
14332,23,3,866.31,288.77000000000004,22,481,2,Loyal / Core,False
14333,68,1,415.2,415.2,15,58,1,At risk / Lapsed,False
14334,17,8,2552.21,319.02625000000006,98,1731,3,Champions / VIP,False
14335,16,2,468.26,234.12999999999997,55,379,0,Recent / Promising,False
14336,17,4,1614.91,403.7275,77,1759,2,Loyal / Core,False
14338,161,2,588.22,294.10999999999996,30,335,1,At risk / Lapsed,False
14339,243,1,309.52,309.52,14,168,1,At risk / Lapsed,False
14340,219,1,134.7,134.7,6,58,1,At risk / Lapsed,False
14341,45,8,2182.28,272.785,109,1403,2,Loyal / Core,False
14342,21,4,668.5600000000001,167.14000000000004,18,347,2,Loyal / Core,False
14344,127,8,889.9300000000001,111.24125000000002,56,477,2,Loyal / Core,False
14345,39,1,108.97999999999999,108.97999999999999,6,50,1,At risk / Lapsed,False
14346,121,2,1021.58,510.79,55,605,2,Loyal / Core,False
14348,260,1,409.57,409.57,18,183,1,At risk / Lapsed,False
14349,10,1,133.5,133.5,31,86,0,Recent / Promising,False
14350,274,1,282.93,282.92999999999995,18,183,1,At risk / Lapsed,False
14351,165,1,51.0,51.0,1,12,1,At risk / Lapsed,False
14352,157,4,1078.96,269.74000000000007,44,538,2,Loyal / Core,False
14353,215,1,90.6,90.6,6,64,1,At risk / Lapsed,False
14354,6,2,163.62,81.81,9,210,0,Recent / Promising,False
14355,366,1,174.4,174.4,11,92,1,At risk / Lapsed,False
14356,80,2,701.23,350.615,33,277,2,Loyal / Core,False
14357,43,1,225.77,225.76999999999998,39,148,1,At risk / Lapsed,False
14359,19,3,912.18,304.06,44,371,0,Recent / Promising,False
14360,32,4,2128.23,532.0575000000001,104,1151,2,Loyal / Core,False
14362,22,1,161.2,161.2,37,100,0,Recent / Promising,False
14364,109,8,3717.35,464.66875,61,1967,2,Loyal / Core,False
14367,8,16,9261.52,578.845,270,4438,3,Champions / VIP,False
14368,320,1,155.0,155.0,8,36,1,At risk / Lapsed,False
14371,295,1,100.5,100.5,4,34,1,At risk / Lapsed,False
14373,358,1,76.55,76.55,4,17,1,At risk / Lapsed,False
14375,185,1,257.68,257.68,57,194,1,At risk / Lapsed,False
14377,191,2,617.05,308.525,11,219,1,At risk / Lapsed,False
14379,44,2,348.1,174.05,39,292,0,Recent / Promising,False
14381,52,1,202.68,202.68,56,146,1,At risk / Lapsed,False
14382,26,1,626.0699999999999,626.07,121,1237,0,Recent / Promising,False
14383,38,3,1247.69,415.8966666666667,49,817,2,Loyal / Core,False
14385,9,3,202.11,67.36999999999999,13,159,0,Recent / Promising,False
14386,297,1,142.4,142.4,7,54,1,At risk / Lapsed,False
14387,33,3,1770.56,590.1866666666667,125,819,2,Loyal / Core,False
14388,10,8,3212.84,401.605,124,1941,3,Champions / VIP,False
14389,65,2,1043.46,521.73,33,729,2,Loyal / Core,False
14390,10,9,4652.82,516.98,135,2136,3,Champions / VIP,False
14393,218,1,67.95,67.94999999999999,5,13,1,At risk / Lapsed,False
14395,2,9,3507.71,389.74555555555554,181,1693,3,Champions / VIP,False
14396,65,2,487.99,243.99500000000003,71,225,1,At risk / Lapsed,False
14397,3,19,2612.96,137.52421052631578,18,1890,3,Champions / VIP,False
14400,149,1,574.7,574.6999999999999,25,454,1,At risk / Lapsed,False
14401,4,13,4051.48,311.65230769230766,113,4507,3,Champions / VIP,False
14403,130,4,1475.81,368.95250000000004,17,519,2,Loyal / Core,False
14404,34,6,1474.32,245.72,70,839,2,Loyal / Core,False
14406,119,1,156.75,156.75,8,77,1,At risk / Lapsed,False
14407,107,5,2142.73,428.546,66,1414,2,Loyal / Core,False
14408,11,7,2606.53,372.3614285714286,60,1616,3,Champions / VIP,False
14409,71,6,2059.4500000000003,343.24166666666673,40,1230,2,Loyal / Core,False
14410,92,9,1104.07,122.67444444444443,152,569,2,Loyal / Core,False
14411,311,1,1063.0,1063.0,14,196,1,At risk / Lapsed,False
14412,43,2,770.03,385.01500000000004,43,786,2,Loyal / Core,False
14413,362,1,122.7,122.7,22,68,1,At risk / Lapsed,False
14414,92,7,1496.98,213.8542857142857,79,2512,2,Loyal / Core,False
14415,1,13,5900.28,453.8676923076924,283,3011,3,Champions / VIP,True
14416,22,2,490.22,245.11000000000004,13,326,0,Recent / Promising,False
14418,4,3,1937.25,645.75,114,1711,0,Recent / Promising,False
14419,11,6,1058.06,176.34333333333333,112,487,2,Loyal / Core,False
14420,99,1,387.52,387.52,29,334,1,At risk / Lapsed,False
14421,57,2,813.11,406.55500000000006,25,365,2,Loyal / Core,False
14422,1,6,4263.64,710.6066666666666,189,2906,3,Champions / VIP,False
14423,218,1,265.2,265.2,3,120,1,At risk / Lapsed,False
14424,18,1,322.08,322.08,1,48,0,Recent / Promising,False
14426,24,10,4481.67,448.16700000000003,183,2699,3,Champions / VIP,False
14427,50,2,363.34000000000003,181.67000000000002,16,228,0,Recent / Promising,False
14428,7,5,1244.83,248.96599999999998,108,436,2,Loyal / Core,False
14431,303,1,470.36,470.36,17,130,1,At risk / Lapsed,False
14432,10,6,2255.51,375.91833333333335,256,2070,3,Champions / VIP,False
14434,22,6,1372.8,228.79999999999998,3,368,2,Loyal / Core,False
14436,99,1,89.06,89.06,9,129,1,At risk / Lapsed,False
14437,366,1,63.0,63.0,5,60,1,At risk / Lapsed,False
14438,306,1,131.9,131.9,9,82,1,At risk / Lapsed,False
14439,320,1,2661.24,2661.24,32,526,1,At risk / Lapsed,False
14440,8,5,2357.6800000000003,471.53600000000006,33,588,3,Champions / VIP,False
14441,1,4,1712.89,428.2225000000001,43,446,3,Champions / VIP,False
14442,205,2,1589.82,794.91,58,482,2,Loyal / Core,False
14443,54,4,1420.2,355.05,84,938,2,Loyal / Core,False
14446,1,4,1034.78,258.695,232,873,0,Recent / Promising,False
14447,19,5,1163.23,232.64600000000004,54,571,2,Loyal / Core,False
14448,9,2,375.35,187.675,20,104,0,Recent / Promising,False
14449,19,4,907.1,226.775,201,757,2,Loyal / Core,False
14450,181,3,483.25,161.08333333333331,32,241,1,At risk / Lapsed,False
14451,60,2,662.59,331.295,86,389,2,Loyal / Core,False
14452,11,2,264.44,132.22,55,119,0,Recent / Promising,False
14453,190,1,119.93,119.93,22,49,1,At risk / Lapsed,False
14456,5,9,3059.44,339.9377777777778,579,2871,3,Champions / VIP,False
14457,311,1,113.64,113.64,4,88,1,At risk / Lapsed,False
14459,155,1,1837.92,1837.92,37,760,1,At risk / Lapsed,False
14460,110,3,434.34,144.78,14,881,1,At risk / Lapsed,False
14461,148,3,2102.67,700.8899999999999,172,765,2,Loyal / Core,False
14462,66,11,1999.02,181.7290909090909,149,962,2,Loyal / Core,False
14463,98,3,529.62,176.54,6,179,2,Loyal / Core,False
14465,247,3,1058.6200000000001,352.8733333333333,107,405,2,Loyal / Core,False
14466,29,7,2272.4,324.62857142857143,35,1006,2,Loyal / Core,False
14467,18,4,598.76,149.69,67,278,0,Recent / Promising,False
14470,12,2,461.19,230.59500000000003,43,193,0,Recent / Promising,False
14472,104,8,1936.84,242.105,153,1160,2,Loyal / Core,False
14473,74,2,234.34000000000003,117.17,7,88,1,At risk / Lapsed,False
14474,46,1,547.66,547.6600000000001,29,140,0,Recent / Promising,False
14475,72,3,925.85,308.6166666666666,35,447,2,Loyal / Core,False
14476,257,1,215.7,215.7,17,132,1,At risk / Lapsed,False
14477,20,4,1309.6,327.40000000000003,7,720,2,Loyal / Core,False
14479,254,2,316.25,158.12499999999997,18,117,1,At risk / Lapsed,False
14480,11,1,279.05,279.05,13,143,0,Recent / Promising,False
14481,165,2,636.51,318.255,25,489,1,At risk / Lapsed,False
14482,18,6,2068.15,344.69166666666666,110,1646,2,Loyal / Core,False
14483,282,1,137.1,137.1,9,97,1,At risk / Lapsed,False
14484,50,1,321.92,321.92,14,210,1,At risk / Lapsed,False
14485,39,1,165.75,165.75,44,71,1,At risk / Lapsed,False
14487,27,6,1196.33,199.38833333333332,112,735,2,Loyal / Core,False
14488,68,1,1064.28,1064.2800000000002,46,799,1,At risk / Lapsed,False
14489,207,1,463.38,463.38,30,299,1,At risk / Lapsed,False
14491,175,2,340.93,170.465,17,139,1,At risk / Lapsed,False
14493,7,5,2383.2400000000002,476.648,95,1285,3,Champions / VIP,False
14494,26,1,139.56,139.56,7,92,0,Recent / Promising,False
14495,51,2,123.8,61.89999999999999,6,62,1,At risk / Lapsed,False
14496,312,2,538.8100000000001,269.40500000000003,16,159,1,At risk / Lapsed,False
14497,309,1,475.37,475.37,29,235,1,At risk / Lapsed,False
14498,43,5,1957.32,391.46400000000006,162,1098,2,Loyal / Core,False
14499,26,3,815.32,271.7733333333333,146,501,2,Loyal / Core,False
14500,88,3,356.85,118.95,6,117,1,At risk / Lapsed,False
14501,184,2,251.21,125.605,9,161,1,At risk / Lapsed,False
14502,20,11,2467.63,224.32999999999996,367,1482,3,Champions / VIP,False
14503,3,6,3543.26,590.5433333333334,113,2004,3,Champions / VIP,False
14504,47,4,673.26,168.315,85,308,2,Loyal / Core,False
14505,17,8,5905.64,738.205,540,2759,3,Champions / VIP,False
14506,17,5,2012.17,402.434,204,730,2,Loyal / Core,False
14507,24,6,1383.18,230.53,79,600,2,Loyal / Core,False
14508,22,2,276.42,138.21,52,131,0,Recent / Promising,False
14511,11,5,1314.81,262.96200000000005,53,784,2,Loyal / Core,False
14512,188,2,275.28,137.64,19,122,1,At risk / Lapsed,False
14513,101,3,455.59000000000003,151.86333333333334,11,361,1,At risk / Lapsed,False
14514,61,3,1055.35,351.7833333333333,65,589,2,Loyal / Core,False
14515,18,6,2102.09,350.3483333333333,68,1134,2,Loyal / Core,False
14517,33,2,330.45,165.22500000000002,17,91,0,Recent / Promising,False
14518,64,1,174.37,174.37,16,278,1,At risk / Lapsed,False
14520,2,2,270.6,135.3,3,146,0,Recent / Promising,False
14522,24,4,974.54,243.635,15,525,2,Loyal / Core,False
14523,108,1,241.09,241.09,12,251,1,At risk / Lapsed,False
14524,32,9,1867.68,207.52000000000004,161,676,2,Loyal / Core,False
14525,20,9,4332.2,481.35555555555555,217,2696,3,Champions / VIP,False
14527,3,55,8507.82,154.68763636363636,329,2087,3,Champions / VIP,True
14528,37,1,364.21999999999997,364.21999999999997,18,278,0,Recent / Promising,False
14529,60,3,620.04,206.67999999999998,177,348,2,Loyal / Core,False
14530,26,6,2925.91,487.6516666666667,140,1410,2,Loyal / Core,False
14532,236,4,932.85,233.21250000000003,45,284,2,Loyal / Core,False
14533,25,7,1949.72,278.5314285714286,53,4019,2,Loyal / Core,False
14534,3,18,4445.4,246.9666666666667,330,2046,3,Champions / VIP,False
14535,60,3,2864.19,954.73,280,1831,2,Loyal / Core,False
14536,260,1,171.8,171.8,18,40,1,At risk / Lapsed,False
14537,58,1,355.56,355.56000000000006,10,120,1,At risk / Lapsed,False
14538,65,2,388.25,194.12499999999997,19,155,1,At risk / Lapsed,False
14539,16,2,537.48,268.74,31,428,0,Recent / Promising,False
14540,10,3,996.26,332.08666666666664,64,421,0,Recent / Promising,False
14541,59,8,1461.65,182.70625000000004,71,647,2,Loyal / Core,False
14542,186,1,103.25,103.25000000000001,5,19,1,At risk / Lapsed,False
14543,29,16,3590.68,224.4175,41,675,3,Champions / VIP,False
14544,24,2,2024.45,1012.225,97,1543,2,Loyal / Core,False
14546,5,5,2578.09,515.618,250,1317,3,Champions / VIP,False
14547,4,8,4007.54,500.9425,198,2668,3,Champions / VIP,False
14548,151,2,652.8,326.4,2,256,1,At risk / Lapsed,False
14549,311,1,289.24,289.24,56,136,1,At risk / Lapsed,False
14550,11,2,765.62,382.81,38,394,0,Recent / Promising,False
14551,18,2,186.23,93.11500000000001,9,106,0,Recent / Promising,False
14552,152,1,165.07,165.07,57,91,1,At risk / Lapsed,False
14553,19,5,859.27,171.854,103,493,2,Loyal / Core,False
14554,10,4,2381.04,595.26,147,1478,2,Loyal / Core,False
14555,57,2,324.14,162.07,18,130,1,At risk / Lapsed,False
14557,85,1,788.38,788.38,16,510,1,At risk / Lapsed,False
14560,7,22,2237.77,101.71681818181816,39,1260,3,Champions / VIP,False
14561,76,3,1080.76,360.25333333333333,67,1014,2,Loyal / Core,False
14562,4,18,5074.77,281.9316666666667,187,1834,3,Champions / VIP,False
14565,96,4,3099.12,774.7800000000001,111,1540,2,Loyal / Core,False
14566,111,1,1432.0,1432.0,4,800,1,At risk / Lapsed,False
14567,57,2,1530.3600000000001,765.1800000000001,33,412,2,Loyal / Core,False
14569,1,1,227.39,227.38999999999996,10,79,0,Recent / Promising,True
14570,281,2,217.21,108.605,28,94,1,At risk / Lapsed,False
14572,3,7,2832.84,404.6914285714286,190,1428,3,Champions / VIP,False
14573,180,9,1653.42,183.71333333333334,127,544,2,Loyal / Core,False
14576,372,1,35.400000000000006,35.400000000000006,1,12,1,At risk / Lapsed,True
14577,13,4,859.71,214.92750000000004,86,353,0,Recent / Promising,False
14578,3,1,168.63,168.63,24,240,0,Recent / Promising,False
14581,17,1,138.6,138.6,16,217,0,Recent / Promising,False
14582,41,1,114.11,114.11,6,73,1,At risk / Lapsed,False
14583,6,5,1052.55,210.51,243,792,0,Recent / Promising,False
14584,169,4,1042.26,260.56500000000005,68,383,2,Loyal / Core,False
14585,50,1,157.05,157.05,29,91,1,At risk / Lapsed,False
14586,277,1,237.36,237.36,19,444,1,At risk / Lapsed,False
14587,19,9,1601.14,177.90444444444444,170,761,3,Champions / VIP,False
14589,372,1,39.75,39.75,3,5,1,At risk / Lapsed,True
14591,15,4,1447.14,361.785,138,1297,2,Loyal / Core,False
14592,35,3,570.46,190.1533333333333,132,415,0,Recent / Promising,False
14593,22,3,617.99,205.99666666666667,127,332,0,Recent / Promising,False
14594,7,2,379.83,189.91499999999996,48,185,0,Recent / Promising,False
14595,20,6,1740.6,290.1,94,978,2,Loyal / Core,False
14597,11,2,883.15,441.57500000000005,45,577,0,Recent / Promising,False
14598,44,1,221.97,221.97,49,189,1,At risk / Lapsed,False
14600,306,1,393.33000000000004,393.33,25,125,1,At risk / Lapsed,False
14601,11,1,213.96,213.96000000000004,7,168,0,Recent / Promising,False
14603,275,1,660.0,660.0,2,400,1,At risk / Lapsed,False
14606,1,90,12006.65,133.40722222222223,816,6214,3,Champions / VIP,True
14607,16,12,15021.5,1251.7916666666667,37,10734,3,Champions / VIP,False
14608,4,4,1785.15,446.28749999999997,8,437,3,Champions / VIP,False
14609,72,4,601.56,150.39000000000001,2,7026,2,Loyal / Core,False
14616,243,3,406.08000000000004,135.36,2,104,1,At risk / Lapsed,False
14618,9,3,553.44,184.48000000000002,10,264,0,Recent / Promising,False
14619,246,1,394.44,394.43999999999994,20,152,1,At risk / Lapsed,False
14620,206,2,412.78000000000003,206.39000000000001,26,214,1,At risk / Lapsed,False
14621,1,5,1788.3600000000001,357.6720000000001,80,993,3,Champions / VIP,False
14622,185,1,320.58000000000004,320.58,21,146,1,At risk / Lapsed,False
14623,32,5,884.57,176.914,107,407,2,Loyal / Core,False
14624,57,2,225.85,112.92499999999998,13,162,1,At risk / Lapsed,False
14625,196,2,899.63,449.815,51,335,1,At risk / Lapsed,False
14626,24,4,2791.27,697.8175,108,1403,2,Loyal / Core,False
14628,91,2,671.96,335.97999999999996,22,272,1,At risk / Lapsed,False
14629,4,2,959.01,479.505,133,380,0,Recent / Promising,False
14631,51,3,1006.98,335.66,38,622,2,Loyal / Core,False
14632,263,1,114.56,114.56,8,96,1,At risk / Lapsed,False
14633,266,1,344.90000000000003,344.9000000000001,20,96,1,At risk / Lapsed,False
14636,36,2,609.85,304.92500000000007,27,241,0,Recent / Promising,False
14638,51,1,443.6,443.6,16,166,1,At risk / Lapsed,False
14639,52,6,2984.49,497.41499999999996,138,1431,2,Loyal / Core,False
14640,24,6,2125.08,354.18,87,886,2,Loyal / Core,False
14641,22,1,110.46,110.46,7,90,0,Recent / Promising,False
14642,59,1,96.12,96.12,2,76,1,At risk / Lapsed,False
14643,170,2,693.8100000000001,346.905,30,815,1,At risk / Lapsed,False
14644,68,2,830.76,415.38,26,258,2,Loyal / Core,False
14645,157,2,597.09,298.54499999999996,28,381,1,At risk / Lapsed,False
14646,2,72,279138.02,3876.9169444444447,699,196844,3,Champions / VIP,True
14647,201,1,243.22,243.21999999999997,24,95,1,At risk / Lapsed,False
14649,5,4,1417.29,354.3225,148,1018,0,Recent / Promising,False
14651,67,2,654.6,327.29999999999995,95,344,2,Loyal / Core,False
14652,77,1,114.18,114.18,29,53,1,At risk / Lapsed,False
14653,1,7,1937.6,276.79999999999995,153,949,3,Champions / VIP,False
14655,8,4,1932.23,483.0575,35,1089,2,Loyal / Core,False
14656,169,2,291.05,145.525,73,120,1,At risk / Lapsed,False
14657,18,4,848.22,212.055,103,466,2,Loyal / Core,False
14658,5,2,247.15,123.57499999999999,27,47,0,Recent / Promising,False
14659,9,9,2529.93,281.1033333333333,147,1195,3,Champions / VIP,False
14660,87,2,285.74,142.86999999999998,24,228,1,At risk / Lapsed,False
14661,27,1,107.95,107.95,4,35,0,Recent / Promising,False
14662,29,4,771.17,192.79250000000002,143,602,2,Loyal / Core,False
14664,20,2,637.89,318.94500000000005,78,466,0,Recent / Promising,False
14665,61,5,1835.7,367.14,63,740,2,Loyal / Core,False
14666,24,1,179.95,179.95,13,155,0,Recent / Promising,False
14667,11,25,9236.95,369.478,353,5384,3,Champions / VIP,True
14669,242,3,1269.99,423.3300000000001,158,775,2,Loyal / Core,False
14670,280,2,411.53,205.76500000000001,107,337,1,At risk / Lapsed,False
14672,235,2,765.55,382.775,58,454,1,At risk / Lapsed,False
14673,3,5,1736.4,347.28000000000003,39,1004,3,Champions / VIP,False
14675,16,1,604.75,604.7500000000001,93,341,0,Recent / Promising,False
14676,31,6,2548.2400000000002,424.7066666666667,29,2500,2,Loyal / Core,False
14680,25,16,28754.11,1797.131875,73,13476,3,Champions / VIP,True
14681,71,3,498.95,166.31666666666666,6,76,2,Loyal / Core,False
14682,188,2,52.0,26.0,1,80,1,At risk / Lapsed,False
14684,26,5,1236.28,247.25599999999994,231,853,2,Loyal / Core,False
14687,107,1,628.38,628.3799999999999,15,470,1,At risk / Lapsed,False
14688,8,21,5630.87,268.1366666666667,148,3621,3,Champions / VIP,False
14689,209,1,112.8,112.80000000000001,13,76,1,At risk / Lapsed,False
14690,44,2,371.7,185.85,40,170,0,Recent / Promising,False
14691,31,5,2114.33,422.866,50,707,2,Loyal / Core,False
14692,137,4,591.55,147.88750000000002,53,265,2,Loyal / Core,False
14693,265,1,172.9,172.9,8,34,1,At risk / Lapsed,False
14696,4,7,2078.95,296.99285714285713,117,1630,3,Champions / VIP,False
14697,218,2,188.60999999999999,94.30499999999998,22,181,1,At risk / Lapsed,False
14698,2,5,1250.76,250.152,148,615,3,Champions / VIP,False
14699,214,1,109.13000000000001,109.13000000000001,8,77,1,At risk / Lapsed,False
14700,32,3,2235.3,745.0999999999999,80,1342,2,Loyal / Core,False
14701,11,9,2549.37,283.2633333333333,268,932,3,Champions / VIP,False
14702,1,17,3292.14,193.6552941176471,196,1454,3,Champions / VIP,True
14703,15,1,318.17,318.16999999999996,22,183,0,Recent / Promising,False
14704,20,7,1514.57,216.36714285714288,286,1074,2,Loyal / Core,False
14705,199,1,179.0,179.0,1,100,1,At risk / Lapsed,False
14708,3,3,1126.37,375.45666666666665,25,621,0,Recent / Promising,False
14709,15,13,4921.04,378.54153846153855,71,2484,3,Champions / VIP,False
14710,14,4,606.13,151.5325,124,378,0,Recent / Promising,False
14711,10,11,2868.8,260.79999999999995,221,978,3,Champions / VIP,False
14712,29,3,917.07,305.69,21,315,2,Loyal / Core,False
14713,9,11,2666.36,242.39636363636365,146,1615,3,Champions / VIP,False
14714,24,1,160.19,160.19,10,229,0,Recent / Promising,False
14715,25,4,867.38,216.84500000000003,60,521,2,Loyal / Core,False
14716,43,2,329.68,164.83999999999997,46,604,0,Recent / Promising,False
14719,2,5,1602.13,320.42600000000004,177,1032,3,Champions / VIP,False
14720,6,3,663.81,221.27000000000007,34,219,0,Recent / Promising,False
14722,147,1,187.92000000000002,187.92,28,120,1,At risk / Lapsed,False
14723,10,6,1156.6,192.76666666666665,192,693,2,Loyal / Core,False
14725,25,1,718.08,718.08,45,593,0,Recent / Promising,False
14727,274,1,268.58,268.58,10,62,1,At risk / Lapsed,False
14729,374,1,313.49,313.49000000000007,69,197,1,At risk / Lapsed,False
14730,1,8,2005.06,250.6325,317,1132,3,Champions / VIP,False
14731,47,3,380.02,126.67333333333335,38,256,0,Recent / Promising,False
14732,8,8,2702.4900000000002,337.81125,105,1405,3,Champions / VIP,False
14733,16,12,9585.91,798.8258333333333,102,3764,3,Champions / VIP,False
14735,4,31,6050.69,195.18354838709678,98,2263,3,Champions / VIP,True
14737,4,3,1164.55,388.18333333333334,15,345,0,Recent / Promising,False
14738,43,7,1314.45,187.77857142857144,39,601,2,Loyal / Core,False
14739,4,7,3902.28,557.4685714285714,47,3820,3,Champions / VIP,False
14740,197,3,1448.21,482.7366666666666,85,735,2,Loyal / Core,False
14741,12,6,1400.34,233.39000000000001,35,841,2,Loyal / Core,False
14744,16,7,1099.98,157.14000000000001,21,627,2,Loyal / Core,False
14745,113,5,1220.26,244.05200000000005,46,1038,2,Loyal / Core,False
14747,249,1,328.2,328.19999999999993,18,84,1,At risk / Lapsed,False
14748,29,5,1415.75,283.15,87,1223,2,Loyal / Core,False
14752,44,1,389.64,389.63999999999993,5,260,1,At risk / Lapsed,False
14753,87,1,563.15,563.1499999999999,30,211,1,At risk / Lapsed,False
14754,45,2,638.05,319.025,38,486,0,Recent / Promising,False
14755,10,11,5010.28,455.4800000000001,128,2219,3,Champions / VIP,False
14756,15,1,738.96,738.9599999999998,38,416,0,Recent / Promising,False
14757,75,1,420.5,420.50000000000006,19,160,1,At risk / Lapsed,False
14758,145,4,1484.06,371.015,54,419,2,Loyal / Core,False
14759,5,3,1625.97,541.99,92,569,0,Recent / Promising,False
14760,297,1,89.2,89.2,5,40,1,At risk / Lapsed,False
14761,59,2,255.9,127.94999999999999,11,118,1,At risk / Lapsed,False
14762,264,1,300.52,300.52,21,341,1,At risk / Lapsed,False
14764,47,1,278.3,278.3,6,190,1,At risk / Lapsed,False
14765,29,3,254.11,84.70333333333333,38,135,0,Recent / Promising,False
14766,8,6,2473.37,412.2283333333333,111,1349,3,Champions / VIP,False
14768,17,2,192.60000000000002,96.30000000000001,4,52,0,Recent / Promising,False
14769,3,8,10673.1,1334.1375,717,7435,3,Champions / VIP,False
14770,232,2,876.42,438.21,49,490,1,At risk / Lapsed,False
14772,112,1,139.26,139.26,9,82,1,At risk / Lapsed,False
14775,58,3,1011.9,337.29999999999995,57,1174,2,Loyal / Core,False
14776,51,11,2538.3,230.75454545454542,44,3134,2,Loyal / Core,False
14778,127,2,730.86,365.42999999999995,34,306,1,At risk / Lapsed,False
14779,281,3,386.15,128.71666666666667,40,84,1,At risk / Lapsed,False
14780,55,2,447.68,223.84,26,310,1,At risk / Lapsed,False
14782,320,1,200.10000000000002,200.10000000000002,6,114,1,At risk / Lapsed,False
14784,26,2,289.99,144.995,15,237,0,Recent / Promising,False
14785,10,2,77.4,38.7,2,84,0,Recent / Promising,False
14788,7,2,679.4399999999999,339.7199999999999,26,421,0,Recent / Promising,False
14789,29,1,197.64,197.64000000000001,6,116,0,Recent / Promising,False
14790,17,4,745.06,186.26500000000001,30,699,0,Recent / Promising,False
14792,64,1,6.2,6.2,2,2,1,At risk / Lapsed,True
14793,21,1,228.99,228.99,14,91,0,Recent / Promising,False
14794,3,7,1319.91,188.55857142857144,68,673,3,Champions / VIP,False
14795,166,1,131.45000000000002,131.45,6,17,1,At risk / Lapsed,False
14796,1,17,8020.93,471.8194117647059,402,6021,3,Champions / VIP,True
14798,53,3,173.74,57.913333333333334,11,150,1,At risk / Lapsed,False
14799,51,1,157.7,157.70000000000002,13,146,1,At risk / Lapsed,False
14800,48,12,4339.74,361.645,246,3655,3,Champions / VIP,False
14801,61,1,193.14,193.13999999999996,56,175,1,At risk / Lapsed,False
14803,162,3,845.55,281.84999999999997,35,370,2,Loyal / Core,False
14804,9,1,353.27,353.27,12,121,0,Recent / Promising,False
14805,15,4,554.65,138.66250000000002,30,115,0,Recent / Promising,False
14806,75,1,193.39000000000001,193.39,11,330,1,At risk / Lapsed,False
14808,40,8,2741.17,342.64625,176,2147,2,Loyal / Core,False
14810,41,11,2087.88,189.80727272727273,106,1016,3,Champions / VIP,False
14813,370,2,155.43,77.71499999999999,25,67,1,At risk / Lapsed,False
14815,37,2,778.5,389.25,53,744,0,Recent / Promising,False
14816,197,1,271.85,271.85,4,5,1,At risk / Lapsed,False
14817,200,2,1110.34,555.1700000000001,52,655,1,At risk / Lapsed,False
14818,74,3,657.8,219.26666666666665,41,324,2,Loyal / Core,False
14819,64,2,272.07,136.035,13,109,1,At risk / Lapsed,False
14820,21,4,507.29,126.82249999999999,24,253,0,Recent / Promising,False
14821,367,1,48.800000000000004,48.800000000000004,2,20,1,At risk / Lapsed,False
14823,180,3,321.43,107.14333333333332,56,88,1,At risk / Lapsed,False
14824,10,4,1127.71,281.92750000000007,19,525,0,Recent / Promising,False
14825,4,12,2226.91,185.57583333333335,82,991,3,Champions / VIP,False
14828,197,3,2139.76,713.2533333333334,17,2172,2,Loyal / Core,False
14829,29,4,697.55,174.3875,39,452,2,Loyal / Core,False
14830,53,1,196.28,196.27999999999997,38,168,1,At risk / Lapsed,False
14834,18,6,1720.3,286.71666666666664,43,734,2,Loyal / Core,False
14836,10,3,102.44999999999999,34.15,5,45,0,Recent / Promising,False
14837,90,4,1649.5,412.37500000000006,96,1436,2,Loyal / Core,False
14840,268,1,62.85,62.85,4,31,1,At risk / Lapsed,False
14841,53,6,3295.76,549.2933333333333,103,1778,2,Loyal / Core,False
14842,44,4,2824.69,706.1724999999999,128,1166,2,Loyal / Core,False
14844,64,4,3189.81,797.4525000000001,87,1833,2,Loyal / Core,False
14847,149,1,309.4,309.4,13,120,1,At risk / Lapsed,False
14849,22,25,7930.54,317.2216,159,5694,3,Champions / VIP,False
14850,312,1,325.75,325.75,21,293,1,At risk / Lapsed,False
14851,23,2,511.35,255.67499999999995,28,325,0,Recent / Promising,False
14852,58,6,2836.69,472.7816666666667,96,1747,2,Loyal / Core,False
14853,24,2,475.8,237.89999999999998,8,82,0,Recent / Promising,False
14854,78,7,2759.83,394.2614285714286,110,1832,2,Loyal / Core,False
14855,119,2,645.65,322.825,13,267,1,At risk / Lapsed,False
14856,36,3,1311.3799999999999,437.1266666666667,65,714,2,Loyal / Core,False
14857,60,2,1173.12,586.56,58,464,2,Loyal / Core,False
14859,13,4,1353.74,338.435,47,671,2,Loyal / Core,False
14860,19,1,170.32,170.32,11,232,0,Recent / Promising,False
14861,52,1,125.79,125.79000000000002,6,117,1,At risk / Lapsed,False
14862,26,2,841.1999999999999,420.6,47,772,0,Recent / Promising,False
14863,29,1,266.76,266.76,11,132,0,Recent / Promising,False
14865,7,2,52.2,26.1,4,108,0,Recent / Promising,False
14866,11,11,14353.4,1304.8545454545458,29,6751,3,Champions / VIP,False
14867,186,3,710.28,236.76,31,328,1,At risk / Lapsed,False
14868,3,8,2953.59,369.19875,96,1405,3,Champions / VIP,False
14869,9,2,725.7,362.85,66,550,0,Recent / Promising,False
14870,262,1,327.25,327.24999999999994,13,119,1,At risk / Lapsed,False
14871,3,4,522.38,130.595,68,185,0,Recent / Promising,False
14873,210,1,519.68,519.6800000000001,28,168,1,At risk / Lapsed,False
14875,108,2,1465.3200000000002,732.6599999999999,46,558,2,Loyal / Core,False
14878,13,9,1485.54,165.06000000000003,62,802,3,Champions / VIP,False
14880,77,3,706.19,235.39666666666673,45,373,2,Loyal / Core,False
14881,20,1,255.4,255.4,17,316,0,Recent / Promising,False
14882,27,2,589.7,294.85,6,158,0,Recent / Promising,False
14883,19,6,761.59,126.93166666666666,39,790,2,Loyal / Core,False
14885,132,1,765.3199999999999,765.3199999999999,15,724,1,At risk / Lapsed,False
14886,253,1,364.8,364.79999999999995,18,160,1,At risk / Lapsed,False
14887,79,1,1862.0,1862.0,6,1100,2,Loyal / Core,False
14888,207,1,369.2,369.2,20,184,1,At risk / Lapsed,False
14889,336,1,135.9,135.9,10,90,1,At risk / Lapsed,False
14890,254,1,125.65,125.65,7,51,1,At risk / Lapsed,False
14891,148,2,554.38,277.19,30,505,1,At risk / Lapsed,False
14893,10,2,1237.8500000000001,618.9250000000001,72,799,0,Recent / Promising,False
14894,85,1,655.75,655.7499999999999,23,265,1,At risk / Lapsed,False
14895,8,20,11138.710000000001,556.9354999999999,273,4851,3,Champions / VIP,False
14896,205,2,468.77000000000004,234.38500000000002,43,279,1,At risk / Lapsed,False
14897,8,4,1366.38,341.595,43,468,0,Recent / Promising,False
14898,23,6,1303.52,217.25333333333333,86,1020,2,Loyal / Core,False
14901,11,9,1421.29,157.92111111111112,73,661,3,Champions / VIP,False
14902,26,1,332.66,332.66,20,218,0,Recent / Promising,False
14903,21,5,2810.63,562.126,227,1536,2,Loyal / Core,False
14904,2,2,1025.44,512.72,66,1985,0,Recent / Promising,False
14905,158,2,616.15,308.075,14,287,1,At risk / Lapsed,False
14907,3,7,3501.1,500.1571428571429,125,1691,3,Champions / VIP,False
14908,74,1,277.8,277.79999999999995,9,132,1,At risk / Lapsed,False
14910,3,4,434.35,108.5875,25,238,0,Recent / Promising,False
14911,1,199,140450.72,705.7825125628141,1786,80263,3,Champions / VIP,True
14912,17,2,867.85,433.925,21,971,0,Recent / Promising,False
14913,36,4,1227.43,306.8575,76,1743,2,Loyal / Core,False
14915,91,2,307.48,153.74,12,112,1,At risk / Lapsed,False
14916,71,4,1268.98,317.245,72,1136,2,Loyal / Core,False
14918,116,2,1610.15,805.0749999999998,39,675,2,Loyal / Core,False
14920,213,2,977.77,488.885,57,509,1,At risk / Lapsed,False
14921,30,2,1316.07,658.0350000000001,78,953,2,Loyal / Core,False
14923,51,1,749.1,749.1,44,418,1,At risk / Lapsed,False
14924,246,1,310.05,310.05,10,64,1,At risk / Lapsed,False
14929,32,1,223.88,223.88,11,136,0,Recent / Promising,False
14930,109,3,2372.86,790.9533333333333,116,1166,2,Loyal / Core,False
14931,5,4,964.6800000000001,241.17000000000002,29,416,0,Recent / Promising,False
14932,366,1,363.53,363.53,17,80,1,At risk / Lapsed,False
14934,82,2,1890.94,945.47,68,1042,2,Loyal / Core,False
14935,297,1,1784.71,1784.71,10,935,1,At risk / Lapsed,False
14936,34,8,8137.02,1017.1275000000002,210,4085,3,Champions / VIP,False
14937,57,3,1621.88,540.6266666666667,33,484,2,Loyal / Core,False
14944,30,12,5900.25,491.6875,101,2815,3,Champions / VIP,False
14946,14,1,100.9,100.9,3,22,0,Recent / Promising,False
14947,72,2,290.82,145.41000000000003,14,179,1,At risk / Lapsed,False
14948,23,6,1101.97,183.66166666666666,56,673,2,Loyal / Core,False
14950,19,1,371.2,371.2,19,136,0,Recent / Promising,False
14951,79,1,311.69,311.69000000000005,20,311,1,At risk / Lapsed,False
14952,60,11,8099.49,736.3172727272727,117,3355,3,Champions / VIP,False
14953,25,1,289.82,289.82000000000005,54,225,0,Recent / Promising,False
14954,12,1,336.17,336.16999999999996,75,127,0,Recent / Promising,False
14957,253,1,58.49,58.49,12,34,1,At risk / Lapsed,False
14958,147,3,499.68,166.56,33,129,1,At risk / Lapsed,False
14959,64,4,695.42,173.85499999999996,37,494,2,Loyal / Core,False
14960,8,2,221.27,110.63499999999999,23,221,0,Recent / Promising,False
14961,11,9,7044.68,782.7422222222223,193,3708,3,Champions / VIP,False
14962,271,1,126.7,126.70000000000002,5,44,1,At risk / Lapsed,False
14963,10,5,1487.8,297.56,149,1176,2,Loyal / Core,False
14964,247,1,206.21,206.21,13,143,1,At risk / Lapsed,False
14965,96,2,599.0,299.5,80,365,1,At risk / Lapsed,False
14966,15,1,191.32,191.32,35,187,0,Recent / Promising,False
14967,50,1,463.8,463.8,6,140,1,At risk / Lapsed,False
14968,30,1,147.59,147.59000000000003,37,127,0,Recent / Promising,False
14970,68,4,1592.06,398.015,24,250,2,Loyal / Core,False
14971,35,3,1116.57,372.19000000000005,144,644,2,Loyal / Core,False
14972,128,1,114.77,114.77,18,28,1,At risk / Lapsed,False
14973,107,3,1314.45,438.1499999999999,29,369,2,Loyal / Core,False
14974,37,1,114.39,114.39,17,44,1,At risk / Lapsed,False
14975,57,1,279.94,279.94,11,380,1,At risk / Lapsed,False
14976,57,6,774.86,129.14333333333335,45,232,2,Loyal / Core,False
14978,72,5,1931.42,386.284,136,525,2,Loyal / Core,False
14981,246,1,102.12,102.12,8,97,1,At risk / Lapsed,False
14984,19,2,213.27,106.635,37,60,0,Recent / Promising,False
14985,198,2,296.75,148.375,78,260,1,At risk / Lapsed,False
14987,16,2,326.4,163.2,2,128,0,Recent / Promising,False
14988,212,1,334.54,334.53999999999996,40,141,1,At risk / Lapsed,False
14995,39,2,233.23000000000002,116.61500000000001,53,103,0,Recent / Promising,False
14997,46,3,546.1999999999999,182.0666666666667,25,1120,2,Loyal / Core,False
14998,170,2,429.87,214.935,70,270,1,At risk / Lapsed,False
15000,48,1,490.52,490.52000000000004,76,218,1,At risk / Lapsed,False
15002,116,4,1641.76,410.43999999999994,93,862,2,Loyal / Core,False
15004,147,1,1245.93,1245.93,153,629,1,At risk / Lapsed,False
15005,16,28,6314.87,225.53107142857138,359,4245,3,Champions / VIP,True
15006,51,1,497.14,497.14000000000004,120,301,1,At risk / Lapsed,False
15007,159,1,156.91,156.91000000000003,12,69,1,At risk / Lapsed,False
15009,12,3,1261.78,420.5933333333333,148,642,0,Recent / Promising,False
15010,36,1,308.94,308.94,20,184,0,Recent / Promising,False
15012,54,2,423.04,211.52,110,231,1,At risk / Lapsed,False
15014,43,2,260.17,130.085,29,151,0,Recent / Promising,False
15016,173,1,170.04,170.04,20,76,1,At risk / Lapsed,False
15017,34,1,125.58,125.58000000000001,20,63,1,At risk / Lapsed,False
15018,39,3,496.21000000000004,165.40333333333334,30,189,0,Recent / Promising,False
15019,267,1,266.0,265.99999999999994,64,159,1,At risk / Lapsed,False
15021,9,9,1914.82,212.7577777777778,287,847,3,Champions / VIP,False
15022,12,4,905.04,226.26000000000002,96,543,0,Recent / Promising,False
15023,3,11,6783.86,616.7145454545455,346,2862,3,Champions / VIP,False
15024,10,10,1661.33,166.13299999999998,105,920,3,Champions / VIP,False
15025,33,1,377.01,377.01,66,189,0,Recent / Promising,False
15026,80,3,464.2,154.73333333333335,56,225,2,Loyal / Core,False
15027,31,4,1066.1499999999999,266.5375,30,565,2,Loyal / Core,False
15028,8,4,627.13,156.78250000000003,35,459,0,Recent / Promising,False
15030,72,2,518.28,259.14,7,372,1,At risk / Lapsed,False
15031,4,4,668.14,167.03500000000003,74,401,0,Recent / Promising,False
15032,256,3,4959.1,1653.0333333333335,29,2968,2,Loyal / Core,False
15033,5,10,2583.37,258.337,314,1693,3,Champions / VIP,False
15034,16,8,4308.61,538.5762500000001,299,2422,3,Champions / VIP,False
15035,90,1,252.73000000000002,252.73000000000002,26,245,1,At risk / Lapsed,False
15036,72,3,465.55,155.1833333333333,107,327,2,Loyal / Core,False
15038,59,6,705.49,117.58166666666666,105,217,2,Loyal / Core,False
15039,10,47,19914.44,423.7114893617021,408,9209,3,Champions / VIP,True
15041,170,1,180.35,180.35000000000002,66,104,1,At risk / Lapsed,False
15042,199,1,135.93,135.93,5,30,1,At risk / Lapsed,False
15043,31,1,537.0,537.0,3,300,0,Recent / Promising,False
15044,19,17,7700.2300000000005,452.9547058823529,233,2795,3,Champions / VIP,False
15045,152,2,735.66,367.83000000000004,11,114,1,At risk / Lapsed,False
15046,9,15,5194.82,346.3213333333333,146,3450,3,Champions / VIP,False
15047,270,1,343.62,343.61999999999995,22,222,1,At risk / Lapsed,False
15048,65,4,384.05,96.0125,86,195,2,Loyal / Core,False
15049,274,1,121.17000000000002,121.17000000000002,3,63,1,At risk / Lapsed,False
15050,25,3,1782.09,594.03,68,1224,2,Loyal / Core,False
15051,23,3,1391.61,463.87000000000006,130,1011,2,Loyal / Core,False
15052,319,1,215.78,215.78,27,82,1,At risk / Lapsed,False
15053,5,3,697.79,232.5966666666667,49,986,0,Recent / Promising,False
15054,12,2,302.1,151.05,105,198,0,Recent / Promising,False
15057,275,2,1489.5,744.75,25,668,2,Loyal / Core,False
15058,25,11,2124.9900000000002,193.18090909090913,199,1069,3,Champions / VIP,False
15059,41,9,1337.72,148.63555555555553,161,604,2,Loyal / Core,False
15060,8,4,301.84,75.46000000000001,80,262,0,Recent / Promising,False
15061,4,48,54534.14,1136.1279166666666,70,28920,3,Champions / VIP,True
15062,71,4,987.86,246.965,47,763,2,Loyal / Core,False
15063,213,1,370.79999999999995,370.79999999999995,5,56,1,At risk / Lapsed,False
15065,38,4,3158.13,789.5325,148,1383,2,Loyal / Core,False
15066,53,1,893.59,893.59,42,317,1,At risk / Lapsed,False
15067,78,3,1744.76,581.5866666666667,82,954,2,Loyal / Core,False
15068,46,2,553.36,276.68,96,364,0,Recent / Promising,False
15069,179,1,1109.53,1109.5300000000002,70,520,1,At risk / Lapsed,False
15070,373,1,106.2,106.2,1,36,1,At risk / Lapsed,False
15071,94,2,982.07,491.035,25,269,2,Loyal / Core,False
15073,10,3,1043.41,347.8033333333333,31,491,0,Recent / Promising,False
15074,105,1,748.87,748.87,41,455,1,At risk / Lapsed,False
15075,78,1,773.03,773.03,27,447,1,At risk / Lapsed,False
15076,173,1,880.85,880.8499999999999,49,571,1,At risk / Lapsed,False
15078,7,32,9743.11,304.4721875,97,5105,3,Champions / VIP,True
15079,213,4,895.61,223.9025,46,389,2,Loyal / Core,False
15081,22,5,504.8,100.96,26,190,2,Loyal / Core,False
15083,257,1,88.2,88.19999999999999,5,38,1,At risk / Lapsed,False
15087,282,1,306.94,306.94,15,470,1,At risk / Lapsed,False
15088,21,2,1160.07,580.0349999999999,53,460,0,Recent / Promising,False
15089,10,6,2420.84,403.47333333333336,139,1359,3,Champions / VIP,False
15090,308,1,381.32,381.32,23,208,1,At risk / Lapsed,False
15091,68,1,480.71,480.71,30,346,1,At risk / Lapsed,False
15092,215,2,457.81,228.90499999999997,23,135,1,At risk / Lapsed,False
15093,18,6,4597.02,766.17,52,3760,3,Champions / VIP,False
15095,104,4,1370.6,342.65,30,1079,2,Loyal / Core,False
15096,43,1,219.39000000000001,219.39,11,120,1,At risk / Lapsed,False
15097,4,1,248.08,248.07999999999998,25,170,0,Recent / Promising,False
15098,182,3,39916.5,13305.5,1,121,2,Loyal / Core,True
15099,84,1,410.48,410.48,23,343,1,At risk / Lapsed,False
15100,334,3,876.0,292.0,1,80,1,At risk / Lapsed,False
15101,9,2,317.53,158.765,8,241,0,Recent / Promising,False
15103,31,2,703.36,351.67999999999995,35,329,0,Recent / Promising,False
15104,197,2,1027.44,513.72,66,637,1,At risk / Lapsed,False
15105,18,7,2298.93,328.41857142857145,90,1211,3,Champions / VIP,False
15106,18,5,1422.52,284.504,90,1181,2,Loyal / Core,False
15107,311,6,319.5,53.25,12,169,1,At risk / Lapsed,False
15108,142,3,1159.25,386.4166666666667,49,490,2,Loyal / Core,False
15109,246,1,484.95,484.9500000000001,28,131,1,At risk / Lapsed,False
15110,24,4,996.1,249.025,17,246,2,Loyal / Core,False
15111,29,3,1567.48,522.4933333333332,70,710,2,Loyal / Core,False
15113,10,3,3608.94,1202.98,76,2385,2,Loyal / Core,False
15114,30,10,2760.56,276.0559999999999,136,3096,3,Champions / VIP,False
15115,18,1,340.11,340.11,21,157,0,Recent / Promising,False
15116,18,4,1352.75,338.1875,37,648,2,Loyal / Core,False
15117,15,5,1551.78,310.35600000000005,63,1948,2,Loyal / Core,False
15118,134,1,244.8,244.8,1,1440,1,At risk / Lapsed,False
15119,246,1,266.4,266.4,14,88,1,At risk / Lapsed,False
15120,134,1,358.82,358.8199999999999,21,296,1,At risk / Lapsed,False
15121,50,2,457.72,228.86,28,199,0,Recent / Promising,False
15122,114,3,1633.78,544.5933333333332,65,800,2,Loyal / Core,False
15123,7,2,2199.31,1099.6550000000002,93,1195,0,Recent / Promising,False
15124,23,2,184.19,92.09500000000001,14,233,0,Recent / Promising,False
15125,25,15,11528.48,768.5653333333335,102,6193,3,Champions / VIP,False
15127,66,1,406.53,406.53000000000003,16,251,1,At risk / Lapsed,False
15128,60,4,1471.0,367.75,74,1343,2,Loyal / Core,False
15129,50,11,3447.4,313.40000000000003,54,1794,3,Champions / VIP,False
15130,170,1,330.11,330.11000000000007,22,197,1,At risk / Lapsed,False
15132,18,5,977.9300000000001,195.58599999999998,49,679,2,Loyal / Core,False
15133,128,3,982.42,327.4733333333333,27,680,2,Loyal / Core,False
15134,15,8,1387.99,173.49875,44,887,3,Champions / VIP,False
15135,239,1,139.05,139.04999999999998,9,43,1,At risk / Lapsed,False
15136,3,4,1286.7,321.67500000000007,61,776,0,Recent / Promising,False
15139,240,2,178.96,89.48,13,208,1,At risk / Lapsed,False
15140,52,7,2354.25,336.32142857142856,74,1572,2,Loyal / Core,False
15142,46,1,498.74,498.74000000000007,26,365,0,Recent / Promising,False
15143,226,1,259.45,259.45,14,150,1,At risk / Lapsed,False
15144,8,17,6580.44,387.084705882353,132,3050,3,Champions / VIP,False
15145,4,4,1194.73,298.68250000000006,54,756,0,Recent / Promising,False
15146,165,2,1327.16,663.58,90,1473,2,Loyal / Core,False
15147,240,1,623.5,623.5,28,366,1,At risk / Lapsed,False
15148,11,1,301.29,301.29,20,187,0,Recent / Promising,False
15149,134,1,520.8000000000001,520.8,23,128,1,At risk / Lapsed,False
15150,17,10,5314.47,531.4469999999999,282,3658,3,Champions / VIP,False
15152,10,13,4745.69,365.05307692307696,196,2704,3,Champions / VIP,False
15153,31,1,329.25,329.25,22,198,0,Recent / Promising,False
15154,75,1,296.42,296.42,66,104,1,At risk / Lapsed,False
15156,1,3,961.49,320.4966666666666,51,597,0,Recent / Promising,False
15157,4,3,1936.07,645.3566666666668,125,2392,0,Recent / Promising,False
15158,45,1,401.40000000000003,401.4000000000001,7,198,1,At risk / Lapsed,False
15159,2,30,18641.010000000002,621.3670000000001,363,11441,3,Champions / VIP,True
15160,357,1,158.16,158.16000000000003,4,84,1,At risk / Lapsed,False
15163,18,2,304.47,152.23499999999996,29,186,0,Recent / Promising,False
15164,69,3,843.05,281.0166666666666,79,360,2,Loyal / Core,False
15165,373,1,487.75,487.75,27,160,1,At risk / Lapsed,False
15167,321,1,163.0,163.00000000000003,39,67,1,At risk / Lapsed,False
15168,26,1,106.56,106.56,5,52,0,Recent / Promising,False
15171,331,1,1289.5,1289.5,5,290,1,At risk / Lapsed,False
15172,9,5,1624.05,324.81,106,1611,2,Loyal / Core,False
15174,323,1,135.75,135.75,11,145,1,At risk / Lapsed,False
15175,72,1,224.14,224.14000000000004,23,454,1,At risk / Lapsed,False
15178,260,1,40.5,40.5,3,30,1,At risk / Lapsed,False
15179,18,5,2206.95,441.39000000000004,91,1938,2,Loyal / Core,False
15180,367,1,87.5,87.5,6,36,1,At risk / Lapsed,False
15181,66,3,689.4799999999999,229.82666666666668,11,544,2,Loyal / Core,False
15182,154,2,622.85,311.4249999999999,24,253,1,At risk / Lapsed,False
15184,29,2,406.76,203.38,59,223,0,Recent / Promising,False
15185,70,1,310.62,310.62,21,666,1,At risk / Lapsed,False
15186,14,2,411.41,205.705,17,215,0,Recent / Promising,False
15187,2,15,4762.18,317.4786666666667,60,1886,3,Champions / VIP,False
15189,1,41,16225.39,395.7412195121952,80,6149,3,Champions / VIP,True
15192,120,3,1044.32,348.10666666666674,36,918,2,Loyal / Core,False
15193,61,1,499.32,499.31999999999994,19,144,1,At risk / Lapsed,False
15194,3,15,7616.53,507.7686666666667,209,5703,3,Champions / VIP,False
15195,3,1,3861.0,3861.0,1,1404,0,Recent / Promising,True
15197,11,3,1079.6100000000001,359.87000000000006,30,469,0,Recent / Promising,False
15198,92,2,193.64,96.82,10,120,1,At risk / Lapsed,False
15199,59,4,1268.7,317.17499999999995,5,396,2,Loyal / Core,False
15201,87,5,1236.54,247.308,35,1210,2,Loyal / Core,False
15203,26,6,1827.8,304.6333333333333,82,1753,2,Loyal / Core,False
15204,357,1,316.58,316.58,9,258,1,At risk / Lapsed,False
15205,85,2,653.24,326.62,37,378,1,At risk / Lapsed,False
15206,10,4,420.29999999999995,105.075,3,162,0,Recent / Promising,False
15208,1,5,870.12,174.024,25,316,0,Recent / Promising,False
15210,225,1,331.18,331.18,20,228,1,At risk / Lapsed,False
15211,60,2,894.4100000000001,447.205,52,240,2,Loyal / Core,False
15212,241,1,101.8,101.79999999999998,5,36,1,At risk / Lapsed,False
15213,319,2,328.35,164.175,22,272,1,At risk / Lapsed,False
15214,2,8,1661.44,207.68,109,1254,3,Champions / VIP,False
15215,47,3,734.94,244.98,33,225,2,Loyal / Core,False
15216,88,1,96.6,96.6,2,28,1,At risk / Lapsed,False
15218,11,11,5756.89,523.3536363636364,77,3329,3,Champions / VIP,False
15219,176,1,305.75,305.75,9,45,1,At risk / Lapsed,False
15220,52,6,1778.96,296.4933333333333,110,1393,2,Loyal / Core,False
15221,366,1,403.25,403.25,5,43,1,At risk / Lapsed,False
15222,319,1,585.0,585.0,5,440,1,At risk / Lapsed,False
15223,226,2,755.75,377.875,14,213,1,At risk / Lapsed,False
15224,358,2,322.08,161.03999999999996,13,152,1,At risk / Lapsed,False
15225,234,1,409.40000000000003,409.4000000000001,23,226,1,At risk / Lapsed,False
15226,311,1,154.41,154.41,8,71,1,At risk / Lapsed,False
15227,37,5,1219.4,243.88000000000002,43,750,2,Loyal / Core,False
15228,66,4,3386.71,846.6775,110,2255,2,Loyal / Core,False
15230,239,2,429.6,214.8,23,351,1,At risk / Lapsed,False
15232,113,2,612.06,306.03000000000003,26,686,1,At risk / Lapsed,False
15234,277,1,197.0,197.00000000000006,14,196,1,At risk / Lapsed,False
15235,218,12,2247.51,187.29250000000002,132,1324,2,Loyal / Core,False
15236,299,1,321.05,321.04999999999995,15,269,1,At risk / Lapsed,False
15237,2,4,1412.32,353.08000000000004,94,1071,0,Recent / Promising,False
15238,29,3,1071.99,357.33,49,692,2,Loyal / Core,False
15239,10,2,780.59,390.295,48,594,0,Recent / Promising,False
15240,45,5,1706.57,341.31399999999996,58,1369,2,Loyal / Core,False
15241,67,8,1756.44,219.555,82,1818,2,Loyal / Core,False
15243,74,1,316.68,316.68,22,185,1,At risk / Lapsed,False
15244,65,2,631.57,315.78499999999997,31,405,2,Loyal / Core,False
15245,134,3,2515.84,838.6133333333333,55,1784,2,Loyal / Core,False
15246,238,2,514.15,257.075,32,247,1,At risk / Lapsed,False
15247,122,1,356.0,356.0,6,160,1,At risk / Lapsed,False
15249,32,13,6688.46,514.496923076923,211,3577,3,Champions / VIP,False
15251,9,11,10484.99,953.180909090909,97,6171,3,Champions / VIP,False
15252,36,2,740.78,370.39,44,522,0,Recent / Promising,False
15253,16,5,918.1999999999999,183.63999999999996,52,866,2,Loyal / Core,False
15254,127,1,300.36,300.36000000000007,18,275,1,At risk / Lapsed,False
15255,67,1,890.85,890.85,47,489,1,At risk / Lapsed,False
15256,149,1,98.45,98.45,6,55,1,At risk / Lapsed,False
15257,283,1,317.15,317.15,7,46,1,At risk / Lapsed,False
15258,169,2,623.16,311.58000000000004,32,142,1,At risk / Lapsed,False
15260,100,7,1810.77,258.68142857142857,62,885,2,Loyal / Core,False
15261,135,1,254.82,254.81999999999996,19,270,1,At risk / Lapsed,False
15262,324,1,178.95000000000002,178.95000000000002,10,73,1,At risk / Lapsed,False
15263,107,1,156.51,156.50999999999996,12,89,1,At risk / Lapsed,False
15264,64,1,393.74,393.7400000000001,23,265,1,At risk / Lapsed,False
15265,151,2,1506.1200000000001,753.06,76,612,2,Loyal / Core,False
15266,338,1,119.3,119.30000000000001,6,18,1,At risk / Lapsed,False
15267,22,5,1717.36,343.472,8,944,2,Loyal / Core,False
15269,24,1,408.8,408.8,2,26,0,Recent / Promising,False
15270,16,7,2379.49,339.9271428571428,22,1521,3,Champions / VIP,False
15271,7,15,2507.07,167.138,184,1262,3,Champions / VIP,False
15272,57,2,721.94,360.97,63,310,2,Loyal / Core,False
15274,4,2,716.57,358.285,44,619,0,Recent / Promising,False
15275,38,1,615.14,615.14,41,498,0,Recent / Promising,False
15276,66,1,135.31,135.31,49,64,1,At risk / Lapsed,False
15277,47,1,255.89999999999998,255.89999999999998,12,205,1,At risk / Lapsed,False
15279,355,1,290.51,290.51,19,189,1,At risk / Lapsed,False
15280,172,1,113.12,113.12,16,154,1,At risk / Lapsed,False
15281,59,9,2332.15,259.12777777777774,121,1211,2,Loyal / Core,False
15286,50,1,240.55,240.55,3,55,1,At risk / Lapsed,False
15287,22,2,486.69,243.345,17,433,0,Recent / Promising,False
15288,43,5,2306.52,461.3040000000001,80,775,2,Loyal / Core,False
15289,29,3,939.78,313.26,43,1008,2,Loyal / Core,False
15290,5,18,7943.22,441.28999999999996,93,4501,3,Champions / VIP,False
15291,26,14,4623.3,330.2357142857144,61,2102,3,Champions / VIP,False
15292,201,1,180.94,180.94,24,56,1,At risk / Lapsed,False
15296,51,6,3672.86,612.1433333333333,137,1766,2,Loyal / Core,False
15297,10,3,641.94,213.98000000000002,30,292,0,Recent / Promising,False
15298,2,12,4799.9,399.9916666666666,115,3116,3,Champions / VIP,False
15299,67,6,3907.01,651.1683333333334,6,2947,2,Loyal / Core,False
15300,64,1,496.44,496.43999999999994,28,292,1,At risk / Lapsed,False
15301,51,12,5070.35,422.52916666666664,167,2775,3,Champions / VIP,False
15303,290,1,574.02,574.02,31,248,1,At risk / Lapsed,False
15304,61,8,694.4000000000001,86.80000000000003,8,104,2,Loyal / Core,False
15306,64,3,1174.35,391.45,57,810,2,Loyal / Core,False
15307,96,1,205.3,205.3,12,37,1,At risk / Lapsed,False
15308,274,1,310.47,310.46999999999997,19,175,1,At risk / Lapsed,False
15311,1,91,60767.9,667.7791208791208,567,38194,3,Champions / VIP,True
15312,75,4,924.85,231.2125,42,516,2,Loyal / Core,False
15313,110,1,52.0,52.0,1,25,1,At risk / Lapsed,False
15314,199,1,327.97,327.96999999999997,24,313,1,At risk / Lapsed,False
15315,64,2,570.5,285.25000000000006,35,862,1,At risk / Lapsed,False
15316,327,1,165.0,165.0,1,100,1,At risk / Lapsed,False
15318,4,1,312.62,312.62,33,642,0,Recent / Promising,False
15319,284,1,204.5,204.5,16,175,1,At risk / Lapsed,False
15320,44,1,267.13,267.13000000000005,36,326,1,At risk / Lapsed,False
15321,71,3,2748.31,916.1033333333335,83,1181,2,Loyal / Core,False
15322,86,1,679.68,679.68,42,416,1,At risk / Lapsed,False
15325,104,1,162.29,162.29000000000002,47,232,1,At risk / Lapsed,False
15326,334,1,311.71,311.7099999999999,29,386,1,At risk / Lapsed,False
15327,53,1,208.75,208.75,10,116,1,At risk / Lapsed,False
15329,39,3,1049.7,349.90000000000003,51,486,2,Loyal / Core,False
15330,32,2,714.96,357.47999999999996,10,1312,0,Recent / Promising,False
15332,366,4,1661.06,415.265,29,652,2,Loyal / Core,False
15333,208,1,1028.56,1028.56,16,344,1,At risk / Lapsed,False
15334,157,3,348.72,116.24000000000001,66,273,1,At risk / Lapsed,False
15335,54,1,173.97,173.97,34,80,1,At risk / Lapsed,False
15339,66,2,574.07,287.03499999999997,77,416,1,At risk / Lapsed,False
15341,81,1,2020.52,2020.52,17,812,2,Loyal / Core,False
15342,130,1,406.09,406.09,24,283,1,At risk / Lapsed,False
15343,87,1,364.5,364.5,21,84,1,At risk / Lapsed,False
15344,1,3,563.94,187.98,21,116,0,Recent / Promising,False
15345,46,1,393.54,393.53999999999996,20,81,1,At risk / Lapsed,False
15346,333,1,252.42000000000002,252.42000000000002,17,144,1,At risk / Lapsed,False
15347,366,1,201.60000000000002,201.59999999999997,5,130,1,At risk / Lapsed,False
15348,72,1,158.04,158.04,9,84,1,At risk / Lapsed,False
15349,158,2,473.81,236.90499999999997,65,327,1,At risk / Lapsed,False
15350,373,1,115.65,115.65,5,51,1,At risk / Lapsed,False
15351,12,7,1960.1100000000001,280.0157142857143,157,753,3,Champions / VIP,False
15353,255,2,777.02,388.5100000000001,59,343,1,At risk / Lapsed,False
15355,29,2,277.05,138.52500000000003,9,45,0,Recent / Promising,False
15356,31,10,2766.5,276.65,215,1673,3,Champions / VIP,False
15358,5,22,8347.2,379.41818181818184,292,7050,3,Champions / VIP,False
15360,40,1,427.93,427.92999999999995,13,223,0,Recent / Promising,False
15361,362,1,418.92,418.9200000000001,7,336,1,At risk / Lapsed,False
15363,373,1,326.0,326.0,16,144,1,At risk / Lapsed,False
15364,96,2,913.19,456.5950000000001,29,493,2,Loyal / Core,False
15365,26,7,2314.32,330.6171428571429,65,1084,2,Loyal / Core,False
15366,75,2,602.51,301.25500000000005,37,621,1,At risk / Lapsed,False
15367,57,4,1877.59,469.3975000000001,91,1057,2,Loyal / Core,False
15368,21,1,446.94000000000005,446.94000000000005,4,230,0,Recent / Promising,False
15370,41,7,2386.05,340.86428571428576,65,830,2,Loyal / Core,False
15372,137,1,2007.3999999999999,2007.4,27,2924,2,Loyal / Core,False
15373,8,12,2415.91,201.32583333333335,74,500,3,Champions / VIP,False
15374,129,1,168.0,168.0,3,126,1,At risk / Lapsed,False
15376,40,3,1233.3600000000001,411.1199999999999,100,619,2,Loyal / Core,False
15379,169,7,3703.29,529.0414285714286,145,2305,2,Loyal / Core,False
15380,9,5,1690.2600000000002,338.052,22,376,2,Loyal / Core,False
15381,214,2,596.85,298.425,8,171,1,At risk / Lapsed,False
15382,15,6,5955.71,992.6183333333332,193,4012,3,Champions / VIP,False
15384,170,2,642.41,321.205,34,596,1,At risk / Lapsed,False
15385,40,1,316.88,316.88,12,161,0,Recent / Promising,False
15386,186,1,394.14,394.14,31,446,1,At risk / Lapsed,False
15388,270,1,140.54,140.54,10,88,1,At risk / Lapsed,False
15389,172,1,500.0,500.0,1,400,1,At risk / Lapsed,False
15392,5,4,1535.53,383.8825,74,1277,0,Recent / Promising,False
15393,16,2,231.86,115.93,10,150,0,Recent / Promising,False
15394,10,4,2183.54,545.8850000000001,54,910,2,Loyal / Core,False
15395,326,1,107.45,107.45000000000002,7,17,1,At risk / Lapsed,False
15396,113,1,288.18,288.17999999999995,14,122,1,At risk / Lapsed,False
15397,290,1,94.0,94.0,6,20,1,At risk / Lapsed,False
15398,16,2,1345.53,672.7650000000001,60,769,0,Recent / Promising,False
15399,1,3,815.77,271.92333333333335,45,611,0,Recent / Promising,False
15400,92,5,716.2,143.24,10,390,2,Loyal / Core,False
15402,149,2,626.35,313.175,34,693,1,At risk / Lapsed,False
15405,189,1,349.1,349.1,8,193,1,At risk / Lapsed,False
15406,31,2,510.71000000000004,255.35500000000002,51,254,0,Recent / Promising,False
15407,34,4,1056.44,264.11,142,558,2,Loyal / Core,False
15408,264,1,267.18,267.18,34,106,1,At risk / Lapsed,False
15410,84,8,3450.84,431.3550000000001,48,1200,2,Loyal / Core,False
15411,26,4,1358.88,339.72,86,530,2,Loyal / Core,False
15412,171,1,190.53,190.53,10,108,1,At risk / Lapsed,False
15414,10,3,774.9000000000001,258.3,37,443,0,Recent / Promising,False
15415,313,1,572.8100000000001,572.81,46,575,1,At risk / Lapsed,False
15416,65,4,3984.32,996.0799999999999,165,2090,2,Loyal / Core,False
15417,85,1,508.8,508.80000000000007,28,284,1,At risk / Lapsed,False
15419,25,1,135.86,135.85999999999999,8,230,0,Recent / Promising,False
15421,59,4,950.36,237.59,40,500,2,Loyal / Core,False
15422,323,2,97.7,48.85,6,38,1,At risk / Lapsed,False
15423,38,1,43.5,43.5,2,101,1,At risk / Lapsed,False
15424,254,2,383.34,191.67000000000002,17,554,1,At risk / Lapsed,False
15426,19,5,1447.39,289.47800000000007,217,674,2,Loyal / Core,False
15427,33,3,1483.14,494.38000000000005,233,1013,2,Loyal / Core,False
15428,15,1,93.78,93.78,6,102,0,Recent / Promising,False
15429,27,2,397.35,198.675,77,380,0,Recent / Promising,False
15432,23,1,171.19,171.19,10,65,0,Recent / Promising,False
15433,214,2,533.3,266.65,40,534,1,At risk / Lapsed,False
15434,8,5,1041.48,208.296,40,647,0,Recent / Promising,False
15435,22,1,149.29,149.29000000000002,29,54,0,Recent / Promising,False
15436,12,3,1122.53,374.17666666666673,243,613,0,Recent / Promising,False
15437,262,1,200.16,200.16,44,79,1,At risk / Lapsed,False
15438,131,1,156.57999999999998,156.57999999999998,25,59,1,At risk / Lapsed,False
15440,55,3,383.68,127.89333333333333,50,197,0,Recent / Promising,False
15442,249,1,594.0,594.0,2,120,1,At risk / Lapsed,False
15443,2,7,3236.91,462.41571428571433,237,1663,3,Champions / VIP,False
15444,9,2,1418.26,709.1300000000001,191,764,0,Recent / Promising,False
15445,264,1,113.5,113.5,5,58,1,At risk / Lapsed,False
15447,331,1,155.17,155.17,9,85,1,At risk / Lapsed,False
15448,313,1,494.64,494.64,28,232,1,At risk / Lapsed,False
15449,26,3,974.52,324.84000000000003,47,812,2,Loyal / Core,False
15450,30,1,429.84,429.84,30,376,0,Recent / Promising,False
15452,30,3,538.73,179.57666666666663,47,283,0,Recent / Promising,False
15453,2,7,1388.37,198.3385714285714,169,845,3,Champions / VIP,False
15454,362,1,179.1,179.10000000000002,23,86,1,At risk / Lapsed,False
15456,283,3,447.22,149.07333333333335,48,660,1,At risk / Lapsed,False
15457,262,1,237.07,237.07,56,132,1,At risk / Lapsed,False
15458,25,1,161.64,161.64,7,156,0,Recent / Promising,False
15460,354,1,216.76,216.76,53,109,1,At risk / Lapsed,False
15462,94,3,234.6,78.2,9,172,1,At risk / Lapsed,False
15463,29,1,126.14,126.14,7,106,0,Recent / Promising,False
15464,338,1,1048.85,1048.85,155,350,1,At risk / Lapsed,False
15465,20,18,7354.62,408.5899999999999,43,1257,3,Champions / VIP,False
15466,85,1,334.53,334.53000000000003,56,246,1,At risk / Lapsed,False
15467,9,3,524.88,174.96,41,310,0,Recent / Promising,False
15468,51,2,467.51,233.755,24,155,0,Recent / Promising,False
15469,50,2,538.55,269.27500000000003,24,153,0,Recent / Promising,False
15471,2,1,469.48,469.4799999999999,67,266,0,Recent / Promising,False
15472,113,1,371.56,371.5600000000001,76,251,1,At risk / Lapsed,False
15473,14,7,1771.2,253.02857142857144,4,672,3,Champions / VIP,False
15475,77,1,454.10999999999996,454.10999999999996,29,319,1,At risk / Lapsed,False
15478,40,2,1441.42,720.7099999999999,34,585,2,Loyal / Core,False
15480,116,1,905.5,905.5,45,303,1,At risk / Lapsed,False
15482,16,11,11014.96,1001.3600000000001,45,5019,3,Champions / VIP,False
15483,161,4,233.81,58.4525,74,295,1,At risk / Lapsed,False
15484,1,4,3594.31,898.5775000000001,135,3152,3,Champions / VIP,False
15485,30,3,2575.0,858.3333333333334,59,1306,2,Loyal / Core,False
15488,93,1,91.32000000000001,91.32000000000001,2,73,1,At risk / Lapsed,False
15489,23,3,1134.28,378.0933333333333,47,608,2,Loyal / Core,False
15491,95,6,3100.09,516.6816666666667,108,1646,2,Loyal / Core,False
15492,28,2,659.4599999999999,329.7299999999999,32,483,0,Recent / Promising,False
15493,33,5,2001.8,400.36,177,560,2,Loyal / Core,False
15494,21,2,1299.23,649.615,120,1148,0,Recent / Promising,False
15497,18,2,1262.2,631.1,13,624,0,Recent / Promising,False
15498,3,27,13316.4,493.20000000000005,360,6105,3,Champions / VIP,True
15500,8,4,1131.56,282.89000000000004,64,572,0,Recent / Promising,False
15502,16,10,6923.98,692.3979999999999,163,4232,3,Champions / VIP,False
15503,363,1,147.09,147.09,66,74,1,At risk / Lapsed,False
15504,81,1,52.83,52.83,13,33,1,At risk / Lapsed,False
15505,53,5,3610.96,722.192,90,2390,2,Loyal / Core,False
15506,23,3,979.26,326.42,121,848,2,Loyal / Core,False
15507,172,1,492.36,492.36000000000007,41,162,1,At risk / Lapsed,False
15508,189,6,1000.27,166.71166666666667,78,440,2,Loyal / Core,False
15510,331,1,250.0,250.0,1,2,1,At risk / Lapsed,False
15511,12,5,909.23,181.846,117,271,2,Loyal / Core,False
15512,156,2,121.0,60.5,7,68,1,At risk / Lapsed,False
15513,33,19,14758.220000000001,776.7484210526316,183,5709,3,Champions / VIP,True
15514,12,11,4139.46,376.31454545454557,96,2160,3,Champions / VIP,False
15516,45,3,62.43,20.81,15,27,1,At risk / Lapsed,False
15517,233,1,267.03,267.03000000000003,27,293,1,At risk / Lapsed,False
15518,64,8,1942.45,242.80624999999998,135,1273,2,Loyal / Core,False
15520,2,1,343.5,343.5,18,314,0,Recent / Promising,False
15521,40,8,3000.2,375.02500000000003,116,1836,2,Loyal / Core,False
15522,33,2,398.84,199.42000000000002,47,573,0,Recent / Promising,False
15523,84,1,412.01000000000005,412.01,10,132,1,At risk / Lapsed,False
15524,25,1,440.0,440.0,1,4,0,Recent / Promising,False
15525,2,3,823.42,274.47333333333336,132,414,0,Recent / Promising,False
15526,33,2,148.44,74.22,4,24,0,Recent / Promising,False
15527,19,8,2429.78,303.7225000000001,127,992,3,Champions / VIP,False
15528,254,1,229.33,229.32999999999998,26,123,1,At risk / Lapsed,False
15529,23,11,3992.68,362.97090909090906,414,3495,3,Champions / VIP,False
15530,22,4,1502.35,375.5875000000001,90,950,2,Loyal / Core,False
15531,8,2,2007.44,1003.7199999999998,196,1105,0,Recent / Promising,False
15532,25,4,1571.03,392.7575,204,519,2,Loyal / Core,False
15533,19,3,807.57,269.19,73,289,0,Recent / Promising,False
15535,173,4,536.4,134.10000000000005,55,143,2,Loyal / Core,False
15537,163,1,110.92,110.92000000000002,24,29,1,At risk / Lapsed,False
15539,7,1,538.46,538.46,41,410,0,Recent / Promising,False
15540,11,1,213.3,213.30000000000004,15,200,0,Recent / Promising,False
15541,114,1,85.13000000000001,85.13,29,49,1,At risk / Lapsed,False
15543,288,1,127.86,127.86,26,86,1,At risk / Lapsed,False
15544,9,9,3546.71,394.07888888888897,122,3109,3,Champions / VIP,False
15545,54,2,292.71999999999997,146.35999999999999,78,163,1,At risk / Lapsed,False
15547,7,14,4954.84,353.9171428571429,441,4032,3,Champions / VIP,False
15549,77,3,1689.51,563.17,103,695,2,Loyal / Core,False
15550,4,4,575.63,143.90750000000006,43,295,0,Recent / Promising,False
15551,37,1,436.06,436.05999999999995,29,218,0,Recent / Promising,False
15552,217,1,90.12,90.12,17,60,1,At risk / Lapsed,False
15553,60,1,437.23,437.23,51,451,1,At risk / Lapsed,False
15554,278,1,217.2,217.2,14,74,1,At risk / Lapsed,False
15555,12,16,4802.18,300.13625,400,4409,3,Champions / VIP,False
15556,24,1,279.77,279.77,31,236,0,Recent / Promising,False
15557,29,1,473.65000000000003,473.65,16,219,0,Recent / Promising,False
15561,12,4,800.59,200.14749999999998,27,267,0,Recent / Promising,False
15562,352,1,134.55,134.55,1,39,1,At risk / Lapsed,False
15563,22,3,1361.44,453.81333333333333,87,1441,2,Loyal / Core,False
15565,50,2,173.16,86.58000000000001,8,60,1,At risk / Lapsed,False
15567,19,1,186.01,186.01000000000002,7,223,0,Recent / Promising,False
15568,3,3,758.29,252.76333333333332,27,461,0,Recent / Promising,False
15569,104,5,1375.71,275.142,27,666,2,Loyal / Core,False
15570,7,12,4165.52,347.1266666666667,231,2067,3,Champions / VIP,False
15571,12,4,650.4300000000001,162.60750000000002,47,264,0,Recent / Promising,False
15572,5,7,2552.86,364.69428571428574,166,1229,3,Champions / VIP,False
15573,32,2,599.5,299.75000000000006,87,362,0,Recent / Promising,False
15574,178,4,702.25,175.5625,131,349,2,Loyal / Core,False
15576,38,1,940.6700000000001,940.6700000000001,43,404,0,Recent / Promising,False
15577,151,3,258.88,86.29333333333335,39,89,1,At risk / Lapsed,False
15578,162,1,127.1,127.1,13,52,1,At risk / Lapsed,False
15579,69,2,348.6,174.29999999999998,45,120,1,At risk / Lapsed,False
15581,156,10,721.63,72.163,133,283,2,Loyal / Core,False
15582,25,3,682.9100000000001,227.63666666666668,39,453,0,Recent / Promising,False
15584,24,4,725.11,181.2775,89,314,2,Loyal / Core,False
15585,177,1,455.3,455.29999999999995,31,320,1,At risk / Lapsed,False
15587,50,4,913.6800000000001,228.42000000000002,3,312,2,Loyal / Core,False
15589,256,3,478.53000000000003,159.51,28,243,1,At risk / Lapsed,False
15592,47,1,388.58,388.58,24,354,1,At risk / Lapsed,False
15593,71,1,199.8,199.8,5,60,1,At risk / Lapsed,False
15594,16,5,1771.78,354.35600000000005,85,983,2,Loyal / Core,False
15596,101,5,1406.59,281.31800000000004,51,561,2,Loyal / Core,False
15597,35,1,324.57,324.57,22,279,0,Recent / Promising,False
15598,53,1,240.68,240.68,14,160,1,At risk / Lapsed,False
15599,27,2,761.74,380.87,50,718,0,Recent / Promising,False
15601,11,14,6776.56,484.04,230,4983,3,Champions / VIP,False
15602,8,9,1297.8700000000001,144.20777777777778,30,1137,3,Champions / VIP,False
15603,79,1,48.480000000000004,48.480000000000004,2,96,1,At risk / Lapsed,False
15604,52,1,216.39,216.39,17,159,1,At risk / Lapsed,False
15605,36,5,1198.23,239.64600000000002,61,441,2,Loyal / Core,False
15606,61,9,2920.16,324.4622222222222,48,892,2,Loyal / Core,False
15607,337,1,104.76,104.76,13,202,1,At risk / Lapsed,False
15608,28,4,1093.68,273.42,59,714,2,Loyal / Core,False
15609,184,1,298.48,298.48,16,148,1,At risk / Lapsed,False
15610,52,1,112.46000000000001,112.46,6,66,1,At risk / Lapsed,False
15611,10,11,1570.45,142.76818181818183,22,502,3,Champions / VIP,False
15612,36,2,195.15,97.575,4,52,0,Recent / Promising,False
15615,10,23,10399.74,452.1626086956522,184,5508,3,Champions / VIP,True
15618,33,4,776.85,194.21250000000006,38,453,2,Loyal / Core,False
15619,11,1,336.40000000000003,336.40000000000003,3,136,0,Recent / Promising,False
15620,57,3,1553.18,517.7266666666666,92,915,2,Loyal / Core,False
15621,4,4,1293.03,323.2575,11,501,0,Recent / Promising,False
15622,43,9,3709.56,412.1733333333334,169,1674,3,Champions / VIP,False
15623,141,1,301.03,301.03,19,125,1,At risk / Lapsed,False
15624,117,4,588.13,147.0325,26,357,2,Loyal / Core,False
15625,104,4,1534.26,383.565,44,1188,2,Loyal / Core,False
15626,75,2,675.8,337.90000000000003,49,766,2,Loyal / Core,False
15628,5,9,2870.2400000000002,318.91555555555556,85,1894,3,Champions / VIP,False
15630,45,2,1186.35,593.175,57,800,2,Loyal / Core,False
15632,16,8,3285.31,410.66375000000005,107,2109,3,Champions / VIP,False
15634,17,1,243.55,243.55,15,99,0,Recent / Promising,False
15636,90,2,724.76,362.38,20,284,1,At risk / Lapsed,False
15637,53,1,223.36,223.36,15,128,1,At risk / Lapsed,False
15639,134,1,425.32,425.32,25,323,1,At risk / Lapsed,False
15640,4,15,12515.66,834.3773333333334,240,6607,3,Champions / VIP,False
15641,105,4,1887.2,471.8,102,1562,2,Loyal / Core,False
15643,192,3,664.0,221.33333333333334,31,246,1,At risk / Lapsed,False
15644,166,4,813.0,203.24999999999997,166,557,2,Loyal / Core,False
15645,19,1,611.59,611.59,49,255,0,Recent / Promising,False
15646,158,3,447.64000000000004,149.21333333333334,35,394,1,At risk / Lapsed,False
15648,204,2,657.35,328.67500000000007,23,221,1,At risk / Lapsed,False
15649,336,2,816.0,408.0,1,192,1,At risk / Lapsed,False
15651,37,3,646.3,215.4333333333333,27,479,2,Loyal / Core,False
15652,91,1,337.74,337.74,21,208,1,At risk / Lapsed,False
15653,93,2,877.4399999999999,438.71999999999997,4,1200,2,Loyal / Core,False
15654,9,2,922.53,461.26500000000004,15,475,0,Recent / Promising,False
15655,243,1,560.67,560.6700000000001,34,324,1,At risk / Lapsed,False
15656,45,4,748.5,187.125,46,343,2,Loyal / Core,False
15657,23,1,30.0,30.0,1,24,0,Recent / Promising,False
15658,190,5,1024.1000000000001,204.82,40,242,2,Loyal / Core,False
15659,44,1,306.45,306.45000000000005,11,111,1,At risk / Lapsed,False
15660,25,9,1600.86,177.87333333333333,55,1050,2,Loyal / Core,False
15661,317,2,309.8,154.9,4,236,1,At risk / Lapsed,False
15663,106,1,138.14,138.14,9,106,1,At risk / Lapsed,False
15664,51,1,386.43,386.43,17,157,1,At risk / Lapsed,False
15665,168,2,2242.01,1121.005,92,1666,2,Loyal / Core,False
15667,40,1,301.32,301.32000000000005,13,240,0,Recent / Promising,False
15668,218,1,76.32000000000001,76.32000000000001,1,72,1,At risk / Lapsed,False
15669,40,4,684.34,171.085,31,342,2,Loyal / Core,False
15670,297,1,173.05,173.05,12,91,1,At risk / Lapsed,False
15671,19,7,2657.13,379.59000000000003,52,1699,3,Champions / VIP,False
15673,88,4,2881.02,720.255,107,1514,2,Loyal / Core,False
15674,73,4,2111.89,527.9725000000001,87,1274,2,Loyal / Core,False
15675,81,3,323.69,107.89666666666666,20,527,1,At risk / Lapsed,False
15676,19,3,3435.76,1145.2533333333333,191,2252,2,Loyal / Core,False
15677,49,1,657.23,657.23,33,319,0,Recent / Promising,False
15678,53,1,352.7,352.70000000000005,12,184,1,At risk / Lapsed,False
15679,24,4,781.28,195.32000000000002,98,1170,2,Loyal / Core,False
15680,9,3,1333.68,444.55999999999995,61,952,0,Recent / Promising,False
15681,25,5,1426.16,285.232,32,816,2,Loyal / Core,False
15683,117,1,193.75,193.75,10,131,1,At risk / Lapsed,False
15687,9,9,2993.1,332.56666666666666,119,1310,3,Champions / VIP,False
15689,120,2,254.1,127.05,8,84,1,At risk / Lapsed,False
15690,4,2,239.76,119.88,19,408,0,Recent / Promising,False
15691,252,1,136.8,136.8,2,72,1,At risk / Lapsed,False
15692,28,1,191.04,191.03999999999996,12,138,0,Recent / Promising,False
15694,1,13,6464.4,497.2615384615384,41,1676,3,Champions / VIP,True
15695,267,2,409.98,204.99,22,212,1,At risk / Lapsed,False
15696,33,8,2736.46,342.0575,140,1028,2,Loyal / Core,False
15699,18,1,309.65,309.6499999999999,18,113,0,Recent / Promising,False
15700,172,2,696.68,348.3399999999999,85,357,1,At risk / Lapsed,False
15701,2,4,1542.14,385.53499999999997,193,923,3,Champions / VIP,False
15703,265,1,211.5,211.5,5,66,1,At risk / Lapsed,False
15704,140,4,2293.62,573.405,79,1028,2,Loyal / Core,False
15705,201,1,143.1,143.10000000000002,6,62,1,At risk / Lapsed,False
15706,64,4,1060.56,265.14,50,321,2,Loyal / Core,False
15707,35,4,945.58,236.39499999999995,126,605,2,Loyal / Core,False
15708,41,7,3364.2400000000002,480.60571428571427,124,1267,2,Loyal / Core,False
15709,284,1,133.25,133.25,6,121,1,At risk / Lapsed,False
15712,9,5,1072.3600000000001,214.47199999999998,41,486,2,Loyal / Core,False
15713,143,2,356.7,178.35,18,150,1,At risk / Lapsed,False
15714,12,2,330.88,165.43999999999997,34,187,0,Recent / Promising,False
15716,146,4,1118.81,279.7025,101,744,2,Loyal / Core,False
15717,234,1,150.3,150.3,7,70,1,At risk / Lapsed,False
15719,33,13,5043.96,387.99692307692305,298,2724,3,Champions / VIP,False
15720,24,1,598.73,598.73,128,281,0,Recent / Promising,False
15721,12,1,507.08,507.08,80,409,0,Recent / Promising,False
15722,36,5,2222.56,444.512,45,1026,2,Loyal / Core,False
15723,365,1,203.1,203.10000000000002,37,87,1,At risk / Lapsed,False
15724,201,2,218.25,109.125,11,73,1,At risk / Lapsed,False
15725,15,1,415.25,415.25,32,221,0,Recent / Promising,False
15727,17,7,5178.96,739.8514285714284,213,3065,3,Champions / VIP,False
15729,213,1,85.0,85.0,5,28,1,At risk / Lapsed,False
15730,66,3,1120.88,373.6266666666667,68,689,2,Loyal / Core,False
15732,212,2,294.12,147.05999999999997,13,215,1,At risk / Lapsed,False
15733,283,1,162.3,162.3,10,62,1,At risk / Lapsed,False
15734,115,2,1339.45,669.725,25,346,2,Loyal / Core,False
15737,15,8,1205.1200000000001,150.64000000000001,60,599,3,Champions / VIP,False
15738,19,16,4812.42,300.77625,46,2982,3,Champions / VIP,False
15739,66,1,449.12,449.12,8,472,1,At risk / Lapsed,False
15740,49,1,154.88,154.88000000000002,9,152,1,At risk / Lapsed,False
15743,16,4,784.46,196.11500000000004,59,216,0,Recent / Promising,False
15744,78,1,34.8,34.8,3,120,1,At risk / Lapsed,False
15745,19,4,1094.59,273.6475,57,421,2,Loyal / Core,False
15746,134,1,196.88,196.88000000000002,28,178,1,At risk / Lapsed,False
15747,13,3,974.04,324.67999999999995,52,480,0,Recent / Promising,False
15748,40,1,149.31,149.30999999999997,19,51,1,At risk / Lapsed,False
15749,235,3,44534.3,14844.766666666668,5,18028,2,Loyal / Core,True
15750,3,8,2465.48,308.185,214,1786,3,Champions / VIP,False
15752,40,7,2637.38,376.7685714285714,236,1978,2,Loyal / Core,False
15753,305,1,79.2,79.2,1,144,1,At risk / Lapsed,False
15754,51,3,458.57,152.85666666666665,24,199,2,Loyal / Core,False
15755,10,6,2364.25,394.0416666666667,127,1427,3,Champions / VIP,False
15756,61,4,532.96,133.24,160,242,2,Loyal / Core,False
15757,66,2,714.42,357.21000000000004,43,491,2,Loyal / Core,False
15758,25,1,205.25,205.25,9,47,0,Recent / Promising,False
15759,218,3,253.04,84.34666666666668,5,60,1,At risk / Lapsed,False
15762,65,2,583.75,291.875,37,251,1,At risk / Lapsed,False
15763,32,2,1086.92,543.4600000000002,58,271,2,Loyal / Core,False
15764,88,6,3279.97,546.6616666666666,150,2050,2,Loyal / Core,False
15766,64,1,315.06,315.05999999999995,11,170,1,At risk / Lapsed,False
15768,116,3,621.8299999999999,207.27666666666667,23,244,2,Loyal / Core,False
15769,7,26,56252.72,2163.566153846154,26,29672,3,Champions / VIP,True
15773,6,1,635.6800000000001,635.6800000000001,10,311,0,Recent / Promising,False
15774,69,1,270.8,270.79999999999995,25,87,1,At risk / Lapsed,False
15775,245,1,104.9,104.9,7,68,1,At risk / Lapsed,False
15776,133,1,241.62,241.61999999999998,18,138,1,At risk / Lapsed,False
15777,241,4,1047.11,261.77750000000003,18,378,2,Loyal / Core,False
15780,184,3,475.28000000000003,158.42666666666665,26,220,1,At risk / Lapsed,False
15781,25,3,345.46,115.15333333333335,20,180,0,Recent / Promising,False
15782,10,3,2614.7400000000002,871.58,34,864,2,Loyal / Core,False
15783,11,1,246.3,246.3,14,212,0,Recent / Promising,False
15785,33,5,2328.9700000000003,465.79400000000004,58,1612,2,Loyal / Core,False
15786,46,3,4932.2,1644.0666666666666,257,3364,2,Loyal / Core,False
15787,26,3,948.05,316.01666666666665,156,540,2,Loyal / Core,False
15789,358,1,351.3,351.3,25,438,1,At risk / Lapsed,False
15790,10,1,220.85,220.85,34,114,0,Recent / Promising,False
15791,44,2,1612.69,806.345,66,731,2,Loyal / Core,False
15793,15,3,965.61,321.86999999999995,6,553,0,Recent / Promising,False
15795,150,1,610.01,610.01,42,581,1,At risk / Lapsed,False
15796,1,8,2710.56,338.82000000000005,69,860,3,Champions / VIP,False
15797,113,3,2192.4,730.8000000000001,7,872,2,Loyal / Core,False
15799,76,3,884.14,294.7133333333333,94,955,2,Loyal / Core,False
15800,107,2,699.08,349.53999999999996,116,335,1,At risk / Lapsed,False
15801,46,3,1063.95,354.65000000000003,61,570,2,Loyal / Core,False
15803,51,1,415.82000000000005,415.82000000000005,8,290,1,At risk / Lapsed,False
15804,1,13,4206.39,323.5684615384615,170,2565,3,Champions / VIP,False
15805,23,17,5528.4800000000005,325.204705882353,220,3387,3,Champions / VIP,False
15806,46,3,784.58,261.52666666666664,24,602,2,Loyal / Core,False
15807,50,3,903.9,301.3,48,430,2,Loyal / Core,False
15808,306,4,3734.9700000000003,933.7425000000001,142,1343,2,Loyal / Core,False
15809,36,5,515.77,103.154,31,301,2,Loyal / Core,False
15810,79,4,1391.98,347.995,66,861,2,Loyal / Core,False
15811,22,6,2218.62,369.77,117,1071,2,Loyal / Core,False
15812,107,5,1801.14,360.228,36,922,2,Loyal / Core,False
15813,208,2,1303.9099999999999,651.9549999999999,40,603,2,Loyal / Core,False
15814,17,4,1945.33,486.3325,63,1271,2,Loyal / Core,False
15815,64,5,2100.6,420.12,33,1856,2,Loyal / Core,False
15819,49,4,1905.45,476.36250000000007,96,1357,2,Loyal / Core,False
15820,320,1,206.98,206.98,17,128,1,At risk / Lapsed,False
15821,44,2,570.96,285.47999999999996,57,202,0,Recent / Promising,False
15822,3,2,885.47,442.73499999999996,28,375,0,Recent / Promising,False
15825,172,1,532.94,532.94,20,220,1,At risk / Lapsed,False
15826,56,3,1654.31,551.4366666666667,64,963,2,Loyal / Core,False
15827,73,14,1836.0900000000001,131.1492857142857,72,882,2,Loyal / Core,False
15829,99,2,636.14,318.0699999999999,44,996,1,At risk / Lapsed,False
15830,38,1,576.0,576.0,39,415,0,Recent / Promising,False
15831,58,3,801.76,267.25333333333333,63,1105,2,Loyal / Core,False
15832,254,1,836.79,836.7900000000001,54,465,1,At risk / Lapsed,False
15834,70,4,2231.25,557.8125,241,963,2,Loyal / Core,False
15835,44,4,954.09,238.5225,47,439,2,Loyal / Core,False
15836,50,1,137.37,137.37,10,26,1,At risk / Lapsed,False
15837,65,1,391.98,391.98,24,189,1,At risk / Lapsed,False
15838,11,19,33643.08,1770.6884210526314,54,18368,3,Champions / VIP,True
15839,33,3,1048.49,349.49666666666667,56,675,2,Loyal / Core,False
15840,59,2,355.56,177.77999999999997,26,396,1,At risk / Lapsed,False
15841,73,4,1224.06,306.015,36,942,2,Loyal / Core,False
15843,304,1,118.95000000000002,118.95000000000002,8,27,1,At risk / Lapsed,False
15844,46,1,130.73999999999998,130.73999999999998,11,134,1,At risk / Lapsed,False
15845,18,8,3711.77,463.97125,97,1926,3,Champions / VIP,False
15847,38,2,389.27,194.63499999999996,22,449,0,Recent / Promising,False
15850,19,2,238.85,119.425,87,302,0,Recent / Promising,False
15852,187,2,160.71,80.35499999999999,22,48,1,At risk / Lapsed,False
15853,52,1,110.8,110.80000000000001,29,135,1,At risk / Lapsed,False
15854,4,12,2974.65,247.88749999999996,105,939,3,Champions / VIP,False
15855,137,5,712.24,142.448,59,470,2,Loyal / Core,False
15856,4,27,16386.31,606.9003703703704,294,11002,3,Champions / VIP,True
15857,19,1,297.0,296.99999999999994,14,308,0,Recent / Promising,False
15858,16,5,1438.85,287.77000000000004,145,1167,2,Loyal / Core,False
15860,41,8,977.21,122.15124999999998,105,440,2,Loyal / Core,False
15861,12,8,3165.36,395.66999999999996,339,2544,3,Champions / VIP,False
15862,8,4,832.88,208.22,142,585,0,Recent / Promising,False
15863,26,2,68.84,34.42,18,19,0,Recent / Promising,False
15864,22,6,1936.3200000000002,322.7200000000001,16,1192,2,Loyal / Core,False
15865,41,3,895.13,298.37666666666667,37,368,2,Loyal / Core,False
15866,101,1,230.53,230.53,43,126,1,At risk / Lapsed,False
15867,5,15,3806.1,253.73999999999998,301,2041,3,Champions / VIP,False
15869,277,2,149.64,74.82000000000001,13,175,1,At risk / Lapsed,False
15870,33,1,354.09000000000003,354.09000000000003,68,335,0,Recent / Promising,False
15872,15,2,360.93,180.465,101,212,0,Recent / Promising,False
15874,64,7,4405.88,629.4114285714286,110,2534,2,Loyal / Core,False
15877,2,2,493.28,246.64000000000001,122,371,0,Recent / Promising,False
15880,369,1,343.28000000000003,343.28,95,211,1,At risk / Lapsed,False
15881,312,5,501.39000000000004,100.278,26,260,1,At risk / Lapsed,False
15882,199,4,514.08,128.52,22,264,1,At risk / Lapsed,False
15883,2,2,396.48,198.23999999999998,42,223,0,Recent / Promising,False
15885,93,1,349.35,349.35,16,109,1,At risk / Lapsed,False
15886,60,1,181.09,181.09000000000003,12,147,1,At risk / Lapsed,False
15888,81,1,162.64,162.64000000000001,10,67,1,At risk / Lapsed,False
15889,157,2,427.57,213.785,78,209,1,At risk / Lapsed,False
15891,227,1,521.97,521.97,59,441,1,At risk / Lapsed,False
15894,253,2,262.9,131.45,34,167,1,At risk / Lapsed,False
15895,150,1,179.17,179.17000000000002,11,94,1,At risk / Lapsed,False
15897,194,2,222.05,111.025,17,261,1,At risk / Lapsed,False
15898,1,5,1388.88,277.776,70,570,3,Champions / VIP,False
15899,369,1,56.25,56.25,4,39,1,At risk / Lapsed,False
15900,24,1,351.11,351.11000000000007,44,221,0,Recent / Promising,False
15901,17,3,361.9,120.63333333333333,101,377,0,Recent / Promising,False
15903,10,7,5126.76,732.3942857142857,46,2410,3,Champions / VIP,False
15904,8,1,164.68,164.67999999999998,30,84,0,Recent / Promising,False
15906,20,7,1567.69,223.95571428571427,113,544,2,Loyal / Core,False
15907,4,3,966.6,322.20000000000005,174,508,0,Recent / Promising,False
15909,174,1,191.94,191.93999999999997,7,98,1,At risk / Lapsed,False
15910,1,8,1232.18,154.0225,215,1015,3,Champions / VIP,False
15912,178,2,264.62,132.30999999999997,19,185,1,At risk / Lapsed,False
15916,16,8,1528.09,191.01125000000002,124,757,3,Champions / VIP,False
15917,248,1,123.1,123.10000000000001,12,42,1,At risk / Lapsed,False
15918,191,2,334.23,167.115,33,153,1,At risk / Lapsed,False
15919,20,2,639.89,319.94500000000005,103,545,0,Recent / Promising,False
15920,154,3,163.55,54.51666666666666,52,94,1,At risk / Lapsed,False
15921,173,1,336.03000000000003,336.03000000000003,24,166,1,At risk / Lapsed,False
15922,373,1,369.5,369.50000000000006,11,138,1,At risk / Lapsed,False
15923,373,1,127.08,127.08000000000001,21,122,1,At risk / Lapsed,False
15925,194,1,207.15,207.14999999999998,12,93,1,At risk / Lapsed,False
15930,67,1,426.63,426.63000000000005,21,139,1,At risk / Lapsed,False
15932,4,8,2495.87,311.98375000000004,93,2325,3,Champions / VIP,False
15933,21,3,1107.46,369.1533333333334,63,885,2,Loyal / Core,False
15935,239,1,108.03999999999999,108.03999999999999,11,114,1,At risk / Lapsed,False
15937,64,1,145.35,145.35,7,73,1,At risk / Lapsed,False
15938,112,5,404.58,80.916,13,240,2,Loyal / Core,False
15939,90,14,6100.01,435.715,27,4727,3,Champions / VIP,False
15940,311,1,35.8,35.8,1,4,1,At risk / Lapsed,True
15942,134,1,337.44,337.43999999999994,14,232,1,At risk / Lapsed,False
15944,277,1,325.1,325.1,6,50,1,At risk / Lapsed,False
15945,365,1,181.0,181.0,2,52,1,At risk / Lapsed,False
15947,83,1,1708.24,1708.24,29,898,2,Loyal / Core,False
15948,8,2,955.24,477.62000000000006,51,567,0,Recent / Promising,False
15949,17,2,364.72,182.36,12,284,0,Recent / Promising,False
15950,32,4,1765.51,441.3775,86,729,2,Loyal / Core,False
15951,9,2,708.22,354.11,36,313,0,Recent / Promising,False
15952,34,4,806.57,201.64249999999998,65,399,2,Loyal / Core,False
15953,15,8,1659.3799999999999,207.42249999999999,63,892,3,Champions / VIP,False
15955,24,14,4416.26,315.44714285714286,137,2135,3,Champions / VIP,False
15957,32,1,428.89,428.89000000000004,40,211,0,Recent / Promising,False
15958,74,1,104.35,104.35,7,33,1,At risk / Lapsed,False
15963,20,2,470.76,235.38000000000002,26,298,0,Recent / Promising,False
15965,17,4,845.64,211.41,88,453,2,Loyal / Core,False
15967,23,2,418.83,209.415,73,211,0,Recent / Promising,False
15969,3,3,666.1,222.0333333333333,20,124,0,Recent / Promising,False
15970,304,1,314.1,314.1,11,116,1,At risk / Lapsed,False
15971,18,12,4194.9,349.575,9,1716,3,Champions / VIP,False
15973,367,1,307.82000000000005,307.82,4,106,1,At risk / Lapsed,False
15974,39,7,3442.15,491.7357142857143,141,2262,2,Loyal / Core,False
15975,84,1,371.01,371.01,24,243,1,At risk / Lapsed,False
15976,165,2,430.94,215.47,83,277,1,At risk / Lapsed,False
15977,17,2,1054.73,527.365,48,1016,0,Recent / Promising,False
15978,77,1,1098.78,1098.78,49,888,1,At risk / Lapsed,False
15980,89,3,2398.86,799.6199999999999,40,1560,2,Loyal / Core,False
15981,25,8,3408.48,426.06,53,1866,3,Champions / VIP,False
15983,22,4,1475.02,368.755,82,892,2,Loyal / Core,False
15984,3,10,2837.67,283.767,217,1843,3,Champions / VIP,False
15985,123,2,1142.42,571.2099999999999,29,1086,2,Loyal / Core,False
15986,30,1,168.12,168.11999999999998,14,268,0,Recent / Promising,False
15987,12,7,1451.28,207.32571428571427,110,1556,3,Champions / VIP,False
15988,19,1,158.03,158.03,26,181,0,Recent / Promising,False
15990,44,2,792.11,396.05500000000006,52,443,2,Loyal / Core,False
15992,4,1,41.989999999999995,41.989999999999995,3,17,0,Recent / Promising,True
15993,9,7,2788.87,398.40999999999997,334,2045,3,Champions / VIP,False
15994,55,1,427.07,427.07000000000005,31,177,1,At risk / Lapsed,False
15996,88,6,1060.68,176.78,103,384,2,Loyal / Core,False
15998,37,5,3089.97,617.9939999999999,370,2041,2,Loyal / Core,False
16000,3,3,12393.7,4131.233333333333,9,5110,3,Champions / VIP,False
16003,30,5,2735.37,547.074,82,1185,2,Loyal / Core,False
16005,12,4,615.39,153.84750000000003,173,300,0,Recent / Promising,False
16006,211,1,101.4,101.4,8,84,1,At risk / Lapsed,False
16007,48,4,1701.94,425.485,221,1393,2,Loyal / Core,False
16008,24,3,478.78,159.59333333333333,29,323,0,Recent / Promising,False
16009,22,4,992.71,248.17750000000004,68,378,2,Loyal / Core,False
16010,246,3,407.5,135.83333333333334,62,210,1,At risk / Lapsed,False
16011,8,16,3362.71,210.16937499999997,99,2042,3,Champions / VIP,False
16012,35,3,1415.29,471.7633333333333,87,799,2,Loyal / Core,False
16013,4,47,37130.6,790.012765957447,30,15536,3,Champions / VIP,True
16014,38,3,662.38,220.79333333333338,123,265,2,Loyal / Core,False
16015,4,3,705.1,235.03333333333333,145,908,0,Recent / Promising,False
16016,3,8,1508.76,188.59500000000003,156,620,3,Champions / VIP,False
16017,47,1,211.88,211.88,26,102,1,At risk / Lapsed,False
16018,39,2,408.90000000000003,204.45000000000002,26,190,0,Recent / Promising,False
16019,47,9,3786.2400000000002,420.6933333333333,133,1733,2,Loyal / Core,False
16020,17,3,851.01,283.67,42,487,0,Recent / Promising,False
16022,260,1,628.28,628.2800000000002,68,261,1,At risk / Lapsed,False
16023,46,3,719.81,239.93666666666664,90,358,2,Loyal / Core,False
16024,12,1,245.96,245.96,60,378,0,Recent / Promising,False
16025,30,1,439.65999999999997,439.65999999999997,28,338,0,Recent / Promising,False
16026,43,1,236.09,236.09,30,243,1,At risk / Lapsed,False
16027,92,6,934.62,155.76999999999998,11,1147,2,Loyal / Core,False
16029,39,62,72882.09,1175.5175806451612,43,40207,3,Champions / VIP,True
16030,310,1,331.24,331.24,28,283,1,At risk / Lapsed,False
16031,92,2,548.94,274.47,91,423,1,At risk / Lapsed,False
16033,6,20,8816.4,440.82,538,3539,3,Champions / VIP,False
16034,196,3,437.7,145.89999999999998,18,242,1,At risk / Lapsed,False
16036,87,2,758.92,379.4599999999999,55,716,2,Loyal / Core,False
16037,270,3,855.02,285.0066666666667,37,428,1,At risk / Lapsed,False
16038,8,3,471.78000000000003,157.26,24,244,0,Recent / Promising,False
16040,65,3,1313.55,437.8500000000001,57,684,2,Loyal / Core,False
16041,31,3,3166.4,1055.4666666666667,6,1584,2,Loyal / Core,False
16042,22,5,1197.27,239.45400000000004,68,755,2,Loyal / Core,False
16043,38,4,773.99,193.4975,30,503,2,Loyal / Core,False
16045,120,4,1340.7,335.175,71,897,2,Loyal / Core,False
16048,373,2,256.44,128.22000000000003,8,144,1,At risk / Lapsed,False
16049,40,3,1111.79,370.59666666666664,248,793,2,Loyal / Core,False
16050,174,1,137.9,137.89999999999998,10,278,1,At risk / Lapsed,False
16052,54,1,362.06,362.05999999999995,34,282,1,At risk / Lapsed,False
16053,33,2,1511.95,755.9750000000001,81,1793,2,Loyal / Core,False
16054,145,1,783.9,783.9000000000001,70,380,1,At risk / Lapsed,False
16055,221,1,134.8,134.8,8,22,1,At risk / Lapsed,False
16056,45,1,664.85,664.85,66,347,0,Recent / Promising,False
16057,16,7,2263.12,323.30285714285714,109,863,3,Champions / VIP,False
16059,66,6,1459.8600000000001,243.31000000000003,126,643,2,Loyal / Core,False
16062,10,4,1153.62,288.405,50,800,0,Recent / Promising,False
16063,260,1,335.32,335.32000000000005,23,262,1,At risk / Lapsed,False
16065,365,1,372.09,372.09,71,231,1,At risk / Lapsed,False
16066,17,5,1521.87,304.3740000000001,77,936,2,Loyal / Core,False
16070,22,2,852.15,426.075,32,457,0,Recent / Promising,False
16071,45,1,326.24,326.24,21,180,1,At risk / Lapsed,False
16072,288,1,584.3199999999999,584.32,23,140,1,At risk / Lapsed,False
16073,297,1,122.39999999999999,122.39999999999999,1,48,1,At risk / Lapsed,False
16076,3,10,2234.73,223.473,71,1435,3,Champions / VIP,False
16078,284,1,79.2,79.2,1,16,1,At risk / Lapsed,False
16079,17,3,1352.0,450.66666666666674,18,864,2,Loyal / Core,False
16080,82,2,217.16,108.58000000000001,10,128,1,At risk / Lapsed,False
16081,56,5,2806.9,561.3799999999999,175,1477,2,Loyal / Core,False
16083,101,2,1317.62,658.81,31,908,2,Loyal / Core,False
16084,299,1,436.18,436.18,38,216,1,At risk / Lapsed,False
16085,23,5,981.51,196.302,123,636,2,Loyal / Core,False
16086,59,5,1121.39,224.27799999999996,24,511,2,Loyal / Core,False
16091,155,2,315.06,157.53,16,154,1,At risk / Lapsed,False
16092,115,3,817.86,272.62,37,628,2,Loyal / Core,False
16093,107,1,17.0,17.0,1,20,1,At risk / Lapsed,True
16094,12,4,1078.23,269.55749999999995,48,647,2,Loyal / Core,False
16096,264,1,320.62,320.62,12,155,1,At risk / Lapsed,False
16097,240,1,185.04999999999998,185.05,10,87,1,At risk / Lapsed,False
16098,88,7,2005.63,286.5185714285714,34,613,2,Loyal / Core,False
16099,50,3,731.9,243.96666666666658,29,434,2,Loyal / Core,False
16101,71,1,1290.7,1290.6999999999998,76,757,2,Loyal / Core,False
16102,42,3,1842.14,614.0466666666667,41,942,2,Loyal / Core,False
16103,7,6,1429.64,238.2733333333333,30,558,3,Champions / VIP,False
16104,62,1,302.36,302.36,28,123,1,At risk / Lapsed,False
16105,249,1,336.96,336.96,13,330,1,At risk / Lapsed,False
16106,66,1,108.38,108.38,6,74,1,At risk / Lapsed,False
16107,18,7,3204.1600000000003,457.7371428571428,16,1176,3,Champions / VIP,False
16108,85,1,842.5,842.5,48,615,1,At risk / Lapsed,False
16109,219,2,611.88,305.94000000000005,18,612,1,At risk / Lapsed,False
16110,45,3,1337.48,445.82666666666665,283,733,2,Loyal / Core,False
16112,143,4,195.73999999999998,48.935,15,574,1,At risk / Lapsed,False
16113,183,1,161.38,161.38,30,176,1,At risk / Lapsed,False
16114,171,1,135.75000000000003,135.75000000000003,8,43,1,At risk / Lapsed,False
16115,10,8,1667.97,208.49625,169,1001,3,Champions / VIP,False
16116,212,1,612.78,612.7800000000001,34,248,1,At risk / Lapsed,False
16117,190,1,232.21,232.21,30,130,1,At risk / Lapsed,False
16119,8,2,423.36,211.68,14,240,0,Recent / Promising,False
16120,59,4,1309.14,327.285,26,878,2,Loyal / Core,False
16121,57,2,867.11,433.55499999999995,170,586,2,Loyal / Core,False
16122,73,4,684.4200000000001,171.105,26,1128,2,Loyal / Core,False
16123,52,1,307.78,307.78000000000003,16,170,1,At risk / Lapsed,False
16124,317,1,249.0,249.0,11,48,1,At risk / Lapsed,False
16125,367,1,289.35,289.35,13,124,1,At risk / Lapsed,False
16126,29,4,6287.77,1571.9425,57,2125,2,Loyal / Core,False
16127,39,1,656.25,656.25,40,323,0,Recent / Promising,False
16128,18,5,1880.22,376.044,76,988,2,Loyal / Core,False
16131,52,6,3506.54,584.4233333333335,55,1802,2,Loyal / Core,False
16133,4,33,14589.04,442.0921212121212,219,8887,3,Champions / VIP,True
16134,22,2,618.09,309.045,34,371,0,Recent / Promising,False
16135,263,1,517.55,517.5500000000001,21,209,1,At risk / Lapsed,False
16136,60,3,709.38,236.46000000000006,35,440,2,Loyal / Core,False
16139,19,3,635.41,211.80333333333337,25,330,0,Recent / Promising,False
16140,66,2,725.18,362.59000000000003,32,730,2,Loyal / Core,False
16141,88,1,620.4,620.4,30,238,1,At risk / Lapsed,False
16142,250,1,535.34,535.3399999999999,37,422,1,At risk / Lapsed,False
16143,3,6,2424.94,404.1566666666667,75,919,3,Champions / VIP,False
16144,247,1,175.2,175.2,1,16,1,At risk / Lapsed,False
16145,9,11,3799.4900000000002,345.40818181818184,134,3123,3,Champions / VIP,False
16146,157,3,734.13,244.70999999999995,26,427,2,Loyal / Core,False
16147,134,1,375.0,374.99999999999994,22,246,1,At risk / Lapsed,False
16148,296,1,76.32000000000001,76.32000000000001,1,72,1,At risk / Lapsed,False
16149,5,2,280.52,140.26000000000002,18,308,0,Recent / Promising,False
16150,43,5,2053.02,410.604,91,1047,2,Loyal / Core,False
16152,269,1,1829.04,1829.0399999999997,29,642,1,At risk / Lapsed,False
16153,50,5,1824.23,364.846,78,1073,2,Loyal / Core,False
16156,9,9,3122.04,346.8933333333333,108,1308,3,Champions / VIP,False
16157,16,3,656.69,218.89666666666665,12,347,0,Recent / Promising,False
16159,282,1,348.2,348.2000000000001,14,236,1,At risk / Lapsed,False
16160,65,2,1025.44,512.72,20,1162,2,Loyal / Core,False
16161,2,19,5575.56,293.45052631578943,286,2599,3,Champions / VIP,False
16162,252,1,37.4,37.4,2,4,1,At risk / Lapsed,False
16163,232,2,856.6,428.30000000000007,5,192,1,At risk / Lapsed,False
16164,17,3,822.48,274.16,27,433,0,Recent / Promising,False
16168,11,27,3787.6,140.2814814814815,57,1892,3,Champions / VIP,False
16169,8,4,1822.97,455.74250000000006,71,1325,2,Loyal / Core,False
16170,51,6,1885.05,314.17500000000007,106,1770,2,Loyal / Core,False
16171,59,1,73.2,73.2,3,24,1,At risk / Lapsed,False
16172,95,5,1140.21,228.04200000000006,52,787,2,Loyal / Core,False
16173,16,6,1418.32,236.38666666666666,70,575,2,Loyal / Core,False
16174,126,3,1009.5500000000001,336.51666666666665,19,651,2,Loyal / Core,False
16175,94,4,1037.59,259.39750000000004,45,533,2,Loyal / Core,False
16177,50,1,331.95,331.95,15,95,1,At risk / Lapsed,False
16178,138,1,197.9,197.9,8,94,1,At risk / Lapsed,False
16179,61,1,215.83,215.83,11,99,1,At risk / Lapsed,False
16180,100,8,10254.18,1281.7725,90,5867,2,Loyal / Core,False
16181,73,1,305.54,305.5400000000001,11,152,1,At risk / Lapsed,False
16182,72,4,6617.65,1654.4125,17,3791,2,Loyal / Core,False
16183,67,1,338.71000000000004,338.7100000000001,15,113,1,At risk / Lapsed,False
16184,64,6,1158.79,193.13166666666666,26,561,2,Loyal / Core,False
16185,17,2,529.41,264.70500000000004,31,260,0,Recent / Promising,False
16186,23,12,4006.94,333.9116666666667,87,3020,3,Champions / VIP,False
16187,32,15,6911.4400000000005,460.7626666666667,160,5048,3,Champions / VIP,False
16188,45,4,981.86,245.46499999999997,65,782,2,Loyal / Core,False
16189,16,2,215.48,107.73999999999998,9,134,0,Recent / Promising,False
16190,40,1,215.08,215.08,6,88,1,At risk / Lapsed,False
16191,3,13,5180.52,398.5015384615385,65,3351,3,Champions / VIP,False
16193,237,1,314.45,314.45000000000005,19,219,1,At risk / Lapsed,False
16198,75,1,400.68,400.68,14,128,1,At risk / Lapsed,False
16200,4,2,1080.6200000000001,540.31,149,523,0,Recent / Promising,False
16201,3,4,1863.47,465.86750000000006,74,1286,3,Champions / VIP,False
16202,361,1,365.27,365.27,18,191,1,At risk / Lapsed,False
16203,59,4,592.9,148.225,27,262,2,Loyal / Core,False
16204,23,1,405.71,405.71,45,231,0,Recent / Promising,False
16205,31,4,754.78,188.695,72,513,2,Loyal / Core,False
16206,55,4,537.0600000000001,134.26500000000001,52,272,2,Loyal / Core,False
16207,25,1,394.38,394.38,19,140,0,Recent / Promising,False
16208,45,2,664.26,332.13,61,333,0,Recent / Promising,False
16209,89,5,2262.62,452.5239999999999,37,1179,2,Loyal / Core,False
16210,2,17,21076.3,1239.7823529411767,73,7558,3,Champions / VIP,True
16211,89,1,547.02,547.0200000000001,23,154,1,At risk / Lapsed,False
16212,19,2,690.34,345.16999999999996,40,244,0,Recent / Promising,False
16213,79,1,159.0,159.0,6,48,1,At risk / Lapsed,False
16214,171,3,1062.75,354.25,36,420,2,Loyal / Core,False
16215,81,1,242.35,242.35000000000002,14,104,1,At risk / Lapsed,False
16216,267,1,914.9300000000001,914.9299999999998,37,254,1,At risk / Lapsed,False
16217,235,2,304.25,152.12500000000003,13,91,1,At risk / Lapsed,False
16218,30,7,3084.68,440.6685714285714,56,2088,2,Loyal / Core,False
16221,37,3,864.86,288.2866666666667,90,717,2,Loyal / Core,False
16222,318,1,846.72,846.72,120,365,1,At risk / Lapsed,False
16224,57,4,1295.3,323.825,90,1116,2,Loyal / Core,False
16225,45,5,1096.32,219.26400000000004,109,493,2,Loyal / Core,False
16226,203,3,255.12,85.04,6,192,1,At risk / Lapsed,False
16227,225,1,314.22,314.22,6,90,1,At risk / Lapsed,False
16229,87,2,1010.6,505.2999999999999,46,318,2,Loyal / Core,False
16230,190,2,542.03,271.015,32,365,1,At risk / Lapsed,False
16232,44,4,990.88,247.71999999999997,24,550,2,Loyal / Core,False
16233,71,3,536.6800000000001,178.89333333333332,22,174,2,Loyal / Core,False
16235,41,4,857.31,214.32749999999996,41,329,2,Loyal / Core,False
16236,78,1,432.2,432.19999999999993,20,184,1,At risk / Lapsed,False
16239,57,2,414.2,207.1,18,228,1,At risk / Lapsed,False
16240,24,2,3718.8,1859.4,126,1641,2,Loyal / Core,False
16241,10,13,2607.87,200.60538461538465,347,1453,3,Champions / VIP,False
16242,8,7,3603.21,514.7442857142858,184,1982,3,Champions / VIP,False
16243,34,2,409.1,204.55,49,110,0,Recent / Promising,False
16244,212,2,1522.75,761.375,88,855,2,Loyal / Core,False
16245,24,3,1413.66,471.22,80,1014,2,Loyal / Core,False
16247,170,1,114.56,114.56,16,182,1,At risk / Lapsed,False
16248,62,1,152.94,152.94,7,78,1,At risk / Lapsed,False
16249,53,5,1800.07,360.014,67,950,2,Loyal / Core,False
16250,261,2,389.44,194.72,22,208,1,At risk / Lapsed,False
16253,67,2,3683.86,1841.9299999999998,114,3233,2,Loyal / Core,False
16255,17,8,2619.91,327.48875,146,1767,3,Champions / VIP,False
16256,267,1,752.4300000000001,752.4300000000002,13,581,1,At risk / Lapsed,False
16257,177,1,46.95,46.95,2,2,1,At risk / Lapsed,False
16258,45,5,5203.51,1040.7020000000002,111,2994,2,Loyal / Core,False
16260,51,1,1035.45,1035.45,18,311,0,Recent / Promising,False
16261,17,4,746.83,186.7075,98,306,0,Recent / Promising,False
16265,9,9,5447.0,605.2222222222222,164,2646,3,Champions / VIP,False
16266,74,7,861.89,123.12714285714284,44,398,2,Loyal / Core,False
16268,71,2,667.65,333.82500000000005,45,533,2,Loyal / Core,False
16270,353,1,1141.24,1141.2399999999996,54,688,1,At risk / Lapsed,False
16271,16,4,1414.24,353.56000000000006,88,1037,2,Loyal / Core,False
16272,117,1,411.7,411.7,25,224,1,At risk / Lapsed,False
16274,373,1,337.75,337.74999999999994,63,153,1,At risk / Lapsed,False
16275,197,1,559.87,559.87,33,336,1,At risk / Lapsed,False
16276,177,1,810.6000000000001,810.6000000000001,6,420,1,At risk / Lapsed,False
16278,100,1,566.38,566.38,23,114,1,At risk / Lapsed,False
16279,21,3,1509.58,503.1933333333334,102,1054,2,Loyal / Core,False
16281,72,1,2062.06,2062.0600000000004,17,934,2,Loyal / Core,False
16282,340,1,168.3,168.3,11,114,1,At risk / Lapsed,False
16283,6,5,1569.11,313.822,116,1234,3,Champions / VIP,False
16284,31,2,823.97,411.985,87,544,0,Recent / Promising,False
16287,170,1,142.5,142.5,8,298,1,At risk / Lapsed,False
16292,122,1,302.25,302.25,17,191,1,At risk / Lapsed,False
16293,22,10,2248.9900000000002,224.89899999999997,102,982,3,Champions / VIP,False
16295,10,4,1328.55,332.1375000000001,70,841,2,Loyal / Core,False
16297,269,1,301.9,301.90000000000003,20,206,1,At risk / Lapsed,False
16298,23,3,598.2,199.39999999999998,22,198,0,Recent / Promising,False
16302,127,1,233.22,233.22,11,158,1,At risk / Lapsed,False
16303,26,3,5360.63,1786.876666666667,119,2659,2,Loyal / Core,False
16305,139,1,361.21999999999997,361.21999999999986,22,256,1,At risk / Lapsed,False
16306,214,6,632.27,105.37833333333333,36,487,2,Loyal / Core,False
16308,38,4,2560.0,640.0,1,8000,2,Loyal / Core,False
16309,106,2,706.57,353.285,39,467,1,At risk / Lapsed,False
16311,18,2,616.26,308.13,35,394,0,Recent / Promising,False
16313,3,2,274.15000000000003,137.07500000000002,16,165,0,Recent / Promising,False
16315,331,1,226.37,226.37,14,75,1,At risk / Lapsed,False
16316,64,8,2938.91,367.36375,120,1484,2,Loyal / Core,False
16317,120,3,1341.65,447.2166666666667,64,890,2,Loyal / Core,False
16318,35,1,328.15,328.15,19,199,0,Recent / Promising,False
16319,218,1,404.40000000000003,404.40000000000003,3,72,1,At risk / Lapsed,False
16320,172,2,1038.46,519.23,56,732,1,At risk / Lapsed,False
16321,72,5,373.65000000000003,74.72999999999999,7,135,2,Loyal / Core,False
16322,1,2,326.75,163.37499999999997,28,231,0,Recent / Promising,False
16323,196,1,207.50000000000003,207.50000000000003,1,50,1,At risk / Lapsed,False
16324,128,3,428.68,142.89333333333332,100,282,1,At risk / Lapsed,False
16325,47,3,594.24,198.08,14,194,2,Loyal / Core,False
16326,6,14,3110.96,222.21142857142857,158,709,3,Champions / VIP,False
16327,14,6,3813.62,635.6033333333334,141,2535,3,Champions / VIP,False
16330,18,3,251.91,83.97,39,147,0,Recent / Promising,False
16332,28,7,1593.2,227.6,125,801,2,Loyal / Core,False
16333,8,22,26626.8,1210.3090909090909,9,32184,3,Champions / VIP,True
16337,37,1,151.05,151.05,10,87,1,At risk / Lapsed,False
16338,157,1,214.79999999999998,214.8,11,94,1,At risk / Lapsed,False
16339,284,1,109.95,109.95000000000002,17,23,1,At risk / Lapsed,False
16340,107,1,549.07,549.07,124,501,1,At risk / Lapsed,False
16341,25,4,1971.87,492.9675,60,1398,2,Loyal / Core,False
16342,75,4,322.41,80.6025,10,157,2,Loyal / Core,False
16343,16,2,370.47999999999996,185.23999999999998,29,195,0,Recent / Promising,False
16344,158,1,101.10000000000001,101.10000000000001,1,18,1,At risk / Lapsed,False
16345,44,1,575.41,575.4100000000001,35,289,0,Recent / Promising,False
16347,11,2,887.65,443.82500000000005,61,353,0,Recent / Promising,False
16348,32,7,1467.11,209.58714285714288,156,813,2,Loyal / Core,False
16349,291,1,53.5,53.5,9,9,1,At risk / Lapsed,False
16350,21,4,1116.47,279.1175,40,545,2,Loyal / Core,False
16351,333,1,153.9,153.9,8,90,1,At risk / Lapsed,False
16352,18,2,494.44,247.22,28,300,0,Recent / Promising,False
16353,4,23,6675.71,290.2482608695653,51,2006,3,Champions / VIP,False
16354,63,2,395.8,197.9,38,150,1,At risk / Lapsed,False
16356,198,3,211.77,70.59,20,93,1,At risk / Lapsed,False
16357,33,3,658.88,219.62666666666667,31,246,2,Loyal / Core,False
16358,1,4,2027.5,506.875,82,1302,3,Champions / VIP,False
16359,7,9,1750.92,194.5466666666667,39,1183,3,Champions / VIP,False
16360,5,6,3512.53,585.4216666666667,365,2144,3,Champions / VIP,False
16361,10,4,896.66,224.16500000000002,87,421,0,Recent / Promising,False
16362,32,5,734.77,146.954,58,351,2,Loyal / Core,False
16363,53,1,109.36000000000001,109.36000000000001,5,52,1,At risk / Lapsed,False
16364,12,2,707.04,353.5199999999999,48,280,0,Recent / Promising,False
16365,18,9,1540.42,171.1577777777778,45,504,3,Champions / VIP,False
16366,19,1,327.3,327.3,18,256,0,Recent / Promising,False
16367,37,2,804.49,402.245,123,647,0,Recent / Promising,False
16368,2,2,497.43,248.71499999999997,58,260,0,Recent / Promising,False
16369,18,3,1551.58,517.1933333333334,90,1031,2,Loyal / Core,False
16370,82,4,1320.56,330.14,143,647,2,Loyal / Core,False
16372,33,2,367.93,183.96499999999997,86,166,0,Recent / Promising,False
16374,66,2,465.08,232.54,100,239,1,At risk / Lapsed,False
16376,9,2,987.01,493.505,104,694,0,Recent / Promising,False
16377,267,1,676.2,676.2,5,1500,1,At risk / Lapsed,False
16378,247,3,362.95,120.98333333333336,22,267,1,At risk / Lapsed,False
16379,4,4,2157.4,539.3500000000001,87,1410,3,Champions / VIP,False
16380,61,1,1780.59,1780.59,28,1524,2,Loyal / Core,False
16383,75,2,668.36,334.1799999999999,80,475,1,At risk / Lapsed,False
16384,90,2,584.5,292.25,33,260,1,At risk / Lapsed,False
16385,60,3,555.89,185.29666666666665,52,261,2,Loyal / Core,False
16386,29,2,317.2,158.6,76,224,0,Recent / Promising,False
16387,323,1,94.36,94.36,4,44,1,At risk / Lapsed,False
16389,53,4,1382.07,345.5174999999999,33,1242,2,Loyal / Core,False
16392,270,1,221.19,221.18999999999997,41,203,1,At risk / Lapsed,False
16393,2,13,3046.21,234.32384615384615,120,1576,3,Champions / VIP,False
16394,57,5,1555.34,311.06800000000004,61,2604,2,Loyal / Core,False
16395,61,5,1486.9,297.38,150,1476,2,Loyal / Core,False
16398,154,2,1705.8,852.9,75,758,2,Loyal / Core,False
16399,19,2,406.77,203.38500000000002,67,246,0,Recent / Promising,False
16400,95,1,303.93,303.93,28,172,1,At risk / Lapsed,False
16401,1,12,4098.32,341.52666666666664,66,3882,3,Champions / VIP,False
16402,265,2,299.6,149.8,55,149,1,At risk / Lapsed,False
16403,312,1,177.5,177.5,10,114,1,At risk / Lapsed,False
16404,70,1,443.05,443.05000000000007,23,157,1,At risk / Lapsed,False
16405,302,2,167.25,83.625,3,187,1,At risk / Lapsed,False
16406,19,1,163.07,163.07000000000002,54,122,0,Recent / Promising,False
16407,13,10,2126.93,212.69300000000004,99,1124,3,Champions / VIP,False
16409,36,5,2028.88,405.776,145,1306,2,Loyal / Core,False
16411,19,2,214.65,107.32499999999999,41,132,0,Recent / Promising,False
16412,54,1,151.83,151.83,25,73,1,At risk / Lapsed,False
16413,57,1,262.2,262.2,30,148,1,At risk / Lapsed,False
16414,22,2,126.25,63.125,5,27,0,Recent / Promising,False
16415,44,1,210.35,210.34999999999997,45,187,1,At risk / Lapsed,False
16416,27,3,1051.4,350.4666666666667,59,672,2,Loyal / Core,False
16418,45,3,675.27,225.09000000000006,76,288,2,Loyal / Core,False
16419,113,6,972.23,162.03833333333333,36,436,2,Loyal / Core,False
16422,17,51,34684.4,680.086274509804,68,33704,3,Champions / VIP,True
16423,25,1,346.12,346.12,18,230,0,Recent / Promising,False
16424,191,1,133.56,133.56,5,88,1,At risk / Lapsed,False
16425,302,1,302.7,302.69999999999993,21,199,1,At risk / Lapsed,False
16426,2,10,1908.25,190.825,211,1243,3,Champions / VIP,False
16427,263,2,241.06,120.53,8,156,1,At risk / Lapsed,False
16429,106,1,284.55,284.55,2,9,1,At risk / Lapsed,False
16430,57,1,300.85,300.85,6,103,1,At risk / Lapsed,False
16431,213,3,642.81,214.27,51,453,1,At risk / Lapsed,False
16432,64,1,287.4,287.4,8,276,1,At risk / Lapsed,False
16433,28,1,184.26,184.26,17,106,0,Recent / Promising,False
16434,29,7,1522.25,217.46428571428575,88,767,2,Loyal / Core,False
16438,6,5,798.35,159.67000000000002,74,463,0,Recent / Promising,False
16440,8,5,3640.67,728.1339999999999,186,2018,3,Champions / VIP,False
16441,67,2,381.2,190.6,22,173,1,At risk / Lapsed,False
16442,2,3,616.79,205.59666666666666,161,446,0,Recent / Promising,False
16444,46,4,654.67,163.66750000000002,68,407,2,Loyal / Core,False
16445,34,1,230.51,230.51000000000002,62,111,0,Recent / Promising,False
16446,1,2,168472.5,84236.25,3,80997,3,Champions / VIP,True
16447,136,1,259.01,259.01,34,223,1,At risk / Lapsed,False
16448,198,1,188.89000000000001,188.89000000000001,19,78,1,At risk / Lapsed,False
16449,198,2,707.69,353.845,40,367,1,At risk / Lapsed,False
16450,150,1,311.92,311.92,11,200,1,At risk / Lapsed,False
16451,88,1,266.97,266.97,14,120,1,At risk / Lapsed,False
16454,64,1,5.9,5.9,1,2,1,At risk / Lapsed,True
16455,64,7,1841.18,263.0257142857143,69,988,2,Loyal / Core,False
16456,99,5,2158.37,431.6740000000001,80,1148,2,Loyal / Core,False
16457,218,1,208.36,208.35999999999999,9,140,1,At risk / Lapsed,False
16458,3,18,3482.7400000000002,193.4855555555556,52,2154,3,Champions / VIP,False
16460,28,3,814.72,271.5733333333333,128,879,2,Loyal / Core,False
16461,178,1,151.42,151.41999999999996,31,49,1,At risk / Lapsed,False
16462,74,3,136.0,45.333333333333336,1,16,1,At risk / Lapsed,False
16463,21,4,1422.4,355.6,74,1163,2,Loyal / Core,False
16464,20,3,1314.68,438.2266666666667,152,963,2,Loyal / Core,False
16466,34,7,1603.46,229.06571428571428,103,789,2,Loyal / Core,False
16468,74,1,74.9,74.9,2,31,1,At risk / Lapsed,False
16469,24,4,650.43,162.60750000000002,148,273,2,Loyal / Core,False
16470,52,4,762.39,190.59750000000003,120,531,2,Loyal / Core,False
16471,275,1,223.95000000000002,223.95,13,141,1,At risk / Lapsed,False
16473,165,3,316.11,105.37,18,196,1,At risk / Lapsed,False
16474,7,7,1871.3400000000001,267.3342857142857,236,941,3,Champions / VIP,False
16475,88,4,544.3,136.075,23,319,2,Loyal / Core,False
16477,64,7,2494.46,356.3514285714286,111,1415,2,Loyal / Core,False
16478,25,3,331.0,110.33333333333333,15,224,0,Recent / Promising,False
16479,10,2,300.83,150.415,35,102,0,Recent / Promising,False
16480,76,1,769.29,769.29,51,455,1,At risk / Lapsed,False
16482,16,1,220.62,220.62,18,346,0,Recent / Promising,False
16483,192,1,139.35,139.35,19,44,1,At risk / Lapsed,False
16484,174,2,404.3,202.15000000000003,25,200,1,At risk / Lapsed,False
16485,77,1,363.65,363.65,41,235,1,At risk / Lapsed,False
16488,33,3,498.8,166.26666666666665,28,728,0,Recent / Promising,False
16491,47,1,731.5,731.5,39,478,0,Recent / Promising,False
16493,80,4,1351.63,337.9075,40,1164,2,Loyal / Core,False
16494,297,1,826.53,826.5299999999999,47,675,1,At risk / Lapsed,False
16495,3,3,684.41,228.13666666666666,78,337,0,Recent / Promising,False
16496,9,3,1599.52,533.1733333333333,92,1111,0,Recent / Promising,False
16497,50,6,2965.69,494.2816666666667,128,1396,2,Loyal / Core,False
16498,161,2,100.97,50.48500000000001,15,45,1,At risk / Lapsed,False
16499,360,2,365.45,182.72500000000002,18,127,1,At risk / Lapsed,False
16500,5,6,400.86,66.81,8,123,0,Recent / Promising,False
16503,107,4,1431.93,357.98249999999996,71,569,2,Loyal / Core,False
16504,25,1,484.38,484.38,76,524,0,Recent / Promising,False
16505,32,1,777.6,777.6,4,576,0,Recent / Promising,False
16506,20,2,90.30000000000001,45.150000000000006,3,42,0,Recent / Promising,False
16509,297,1,363.7,363.70000000000005,13,64,1,At risk / Lapsed,False
16510,372,1,248.1,248.10000000000002,13,92,1,At risk / Lapsed,False
16511,22,3,948.26,316.08666666666664,134,413,2,Loyal / Core,False
16513,5,4,874.59,218.64749999999998,33,407,0,Recent / Promising,False
16515,52,5,1627.13,325.42600000000004,89,833,2,Loyal / Core,False
16516,30,1,101.69999999999999,101.7,6,58,0,Recent / Promising,False
16517,277,1,162.7,162.70000000000005,17,96,1,At risk / Lapsed,False
16518,61,2,484.32,242.16000000000003,36,327,1,At risk / Lapsed,False
16519,25,2,212.98,106.49,12,53,0,Recent / Promising,False
16520,186,3,1046.57,348.8566666666666,129,558,2,Loyal / Core,False
16523,2,21,9418.470000000001,448.4985714285715,151,4265,3,Champions / VIP,True
16525,2,26,13027.45,501.0557692307693,75,7397,3,Champions / VIP,True
16526,172,1,290.36,290.35999999999996,15,106,1,At risk / Lapsed,False
16527,81,1,228.06,228.06000000000003,14,106,1,At risk / Lapsed,False
16528,4,1,244.41,244.41000000000003,17,171,0,Recent / Promising,False
16529,190,1,455.25,455.25,30,198,1,At risk / Lapsed,False
16531,22,7,1244.59,177.79857142857142,68,915,2,Loyal / Core,False
16532,18,3,6748.8,2249.6,2,2016,2,Loyal / Core,False
16533,19,3,1095.56,365.1866666666667,112,612,2,Loyal / Core,False
16535,5,1,593.75,593.75,31,356,0,Recent / Promising,False
16536,110,1,548.97,548.97,49,251,1,At risk / Lapsed,False
16539,3,4,1388.81,347.2025,36,477,0,Recent / Promising,False
16542,54,1,119.62,119.62,5,46,1,At risk / Lapsed,False
16545,165,1,339.3,339.3,3,78,1,At risk / Lapsed,False
16546,291,2,787.15,393.575,25,549,1,At risk / Lapsed,False
16549,10,10,4154.64,415.46399999999994,445,2365,3,Champions / VIP,False
16550,109,5,2298.97,459.794,162,1540,2,Loyal / Core,False
16551,96,3,922.12,307.37333333333333,26,970,2,Loyal / Core,False
16552,243,2,379.73,189.865,17,219,1,At risk / Lapsed,False
16553,163,12,5719.82,476.65166666666664,62,4600,2,Loyal / Core,True
16554,42,3,837.1,279.0333333333333,51,402,2,Loyal / Core,False
16555,35,2,285.89,142.945,15,175,0,Recent / Promising,False
16556,67,7,3313.79,473.3985714285714,144,1890,2,Loyal / Core,False
16557,24,2,281.85,140.92499999999998,11,111,0,Recent / Promising,False
16558,1,20,8338.49,416.9245000000001,264,5377,3,Champions / VIP,True
16560,27,2,841.41,420.70500000000004,52,500,0,Recent / Promising,False
16561,6,2,511.12,255.56,29,244,0,Recent / Promising,False
16563,54,1,1077.74,1077.74,19,486,0,Recent / Promising,False
16565,364,1,173.7,173.7,3,46,1,At risk / Lapsed,False
16566,15,5,614.66,122.93200000000002,14,362,0,Recent / Promising,False
16567,194,2,865.6,432.8,34,996,1,At risk / Lapsed,False
16569,3,1,124.2,124.2,5,93,0,Recent / Promising,False
16570,15,10,3738.4,373.84000000000003,68,2112,3,Champions / VIP,False
16571,27,3,1421.69,473.8966666666667,73,1239,2,Loyal / Core,False
16572,127,3,1009.6,336.53333333333336,40,532,2,Loyal / Core,False
16573,85,2,663.61,331.805,40,360,1,At risk / Lapsed,False
16574,71,1,451.44,451.43999999999994,28,416,1,At risk / Lapsed,False
16581,183,1,105.84,105.84,9,134,1,At risk / Lapsed,False
16582,113,1,313.62,313.61999999999995,6,164,1,At risk / Lapsed,False
16583,374,1,233.45,233.45000000000002,14,111,1,At risk / Lapsed,False
16584,80,2,936.08,468.0399999999999,25,646,2,Loyal / Core,False
16586,249,1,463.95,463.95,8,95,1,At risk / Lapsed,False
16587,232,1,225.15,225.14999999999995,13,71,1,At risk / Lapsed,False
16589,71,3,459.24,153.08,31,368,2,Loyal / Core,False
16591,69,1,213.5,213.5,10,41,1,At risk / Lapsed,False
16592,4,16,4113.68,257.105,142,2927,3,Champions / VIP,False
16593,51,3,330.03,110.01,24,116,0,Recent / Promising,False
16594,75,1,181.09,181.09,53,64,1,At risk / Lapsed,False
16595,61,1,360.16,360.15999999999997,83,335,1,At risk / Lapsed,False
16596,16,2,250.15,125.07499999999999,12,97,0,Recent / Promising,False
16597,4,1,90.04,90.04000000000002,7,184,0,Recent / Promising,False
16598,286,1,145.04999999999998,145.05,10,73,1,At risk / Lapsed,False
16600,4,6,813.52,135.58666666666664,50,1145,3,Champions / VIP,False
16601,41,1,243.63,243.63,28,131,1,At risk / Lapsed,False
16602,36,1,528.08,528.0799999999999,29,336,0,Recent / Promising,False
16603,75,2,482.47,241.235,34,480,1,At risk / Lapsed,False
16607,18,14,3347.71,239.12214285714285,140,2859,3,Champions / VIP,False
16609,15,7,5493.46,784.78,155,2420,3,Champions / VIP,False
16610,219,1,75.66,75.66,6,66,1,At risk / Lapsed,False
16611,186,1,129.49,129.49,9,47,1,At risk / Lapsed,False
16612,33,4,1187.66,296.91499999999996,48,506,2,Loyal / Core,False
16613,70,1,618.59,618.5900000000001,30,293,1,At risk / Lapsed,False
16614,183,1,506.19,506.19,26,223,1,At risk / Lapsed,False
16616,15,2,500.42,250.21,31,370,0,Recent / Promising,False
16617,236,1,151.85,151.85000000000002,5,91,1,At risk / Lapsed,False
16618,31,5,2647.59,529.5179999999999,79,1363,2,Loyal / Core,False
16619,264,1,226.21,226.21,14,133,1,At risk / Lapsed,False
16620,4,2,178.96,89.48,9,88,0,Recent / Promising,False
16621,52,4,813.48,203.37000000000003,22,302,2,Loyal / Core,False
16623,246,1,129.45,129.45,5,39,1,At risk / Lapsed,False
16624,81,2,810.5699999999999,405.28499999999997,44,488,2,Loyal / Core,False
16625,275,1,333.08,333.08,23,164,1,At risk / Lapsed,False
16626,1,17,4413.1,259.59411764705885,86,2690,3,Champions / VIP,True
16627,79,1,322.8,322.80000000000007,20,162,1,At risk / Lapsed,False
16628,30,5,2188.05,437.61,79,1205,2,Loyal / Core,False
16629,74,2,417.73,208.865,58,493,1,At risk / Lapsed,False
16633,17,6,2883.1,480.5166666666667,115,1138,3,Champions / VIP,False
16634,223,2,217.9,108.95,9,82,1,At risk / Lapsed,False
16637,32,4,1154.47,288.61750000000006,66,927,2,Loyal / Core,False
16638,23,10,1680.72,168.072,92,1255,3,Champions / VIP,False
16639,31,3,1257.51,419.17,48,510,2,Loyal / Core,False
16641,106,1,231.10000000000002,231.10000000000002,12,256,1,At risk / Lapsed,False
16642,5,2,688.33,344.165,32,479,0,Recent / Promising,False
16643,246,1,487.51,487.51,27,269,1,At risk / Lapsed,False
16644,178,2,833.78,416.89,62,826,1,At risk / Lapsed,False
16647,170,2,214.06,107.03,12,146,1,At risk / Lapsed,False
16648,43,1,290.65999999999997,290.65999999999997,19,281,1,At risk / Lapsed,False
16650,72,1,518.42,518.4200000000001,24,372,1,At risk / Lapsed,False
16652,59,7,6773.97,967.71,74,3283,2,Loyal / Core,False
16653,16,2,1212.66,606.3300000000002,67,733,0,Recent / Promising,False
16654,141,4,601.27,150.31749999999997,29,282,2,Loyal / Core,False
16655,18,6,3794.52,632.42,208,2367,3,Champions / VIP,False
16656,22,15,8625.8,575.0533333333334,14,8894,3,Champions / VIP,False
16657,10,4,933.62,233.40499999999997,158,1229,0,Recent / Promising,False
16658,368,1,123.24,123.24,8,40,1,At risk / Lapsed,False
16659,189,1,39.12,39.12,2,72,1,At risk / Lapsed,False
16660,16,4,1267.6499999999999,316.91249999999997,16,571,2,Loyal / Core,False
16665,362,1,135.39999999999998,135.39999999999998,9,59,1,At risk / Lapsed,False
16666,19,1,118.98,118.97999999999999,32,233,0,Recent / Promising,False
16667,68,2,570.13,285.065,52,237,1,At risk / Lapsed,False
16668,15,6,306.71999999999997,51.12,9,318,0,Recent / Promising,False
16669,24,2,1370.47,685.235,140,878,2,Loyal / Core,False
16670,17,11,4095.9,372.3545454545455,179,2556,3,Champions / VIP,False
16671,28,3,1692.27,564.09,3,875,2,Loyal / Core,False
16672,2,20,8134.9400000000005,406.74699999999996,22,2832,3,Champions / VIP,False
16674,55,2,319.61,159.80499999999998,89,188,1,At risk / Lapsed,False
16676,34,4,1592.1200000000001,398.03,75,636,2,Loyal / Core,False
16678,3,12,3109.99,259.1658333333333,92,2397,3,Champions / VIP,False
16679,366,1,129.75,129.75,3,29,1,At risk / Lapsed,False
16680,43,1,183.7,183.7,10,94,1,At risk / Lapsed,False
16681,73,6,1770.34,295.0566666666667,18,1407,2,Loyal / Core,False
16682,5,5,1028.0,205.59999999999997,15,1040,0,Recent / Promising,False
16684,4,28,66653.56,2380.4842857142858,119,50255,3,Champions / VIP,True
16685,61,2,324.24,162.12,60,396,1,At risk / Lapsed,False
16686,47,7,3062.83,437.54714285714283,406,2030,2,Loyal / Core,False
16688,1,4,1260.86,315.215,52,804,0,Recent / Promising,False
16689,76,2,422.59999999999997,211.29999999999998,12,330,1,At risk / Lapsed,False
16690,72,2,225.57999999999998,112.78999999999998,10,138,1,At risk / Lapsed,False
16692,256,2,1126.0,563.0,1,151,1,At risk / Lapsed,False
16693,69,2,482.01,241.005,58,204,1,At risk / Lapsed,False
16696,135,4,657.9000000000001,164.47500000000002,7,146,2,Loyal / Core,False
16697,241,1,112.75,112.75000000000001,20,27,1,At risk / Lapsed,False
16698,227,2,1998.0,999.0,4,840,2,Loyal / Core,False
16700,9,13,5076.55,390.5038461538462,159,4024,3,Champions / VIP,False
16701,9,13,5398.3,415.2538461538461,99,6393,3,Champions / VIP,False
16705,1,20,14034.99,701.7495000000001,133,5476,3,Champions / VIP,True
16706,37,3,531.35,177.11666666666665,108,249,0,Recent / Promising,False
16708,46,1,656.63,656.6300000000001,27,285,0,Recent / Promising,False
16709,85,5,3029.87,605.974,64,851,2,Loyal / Core,False
16710,19,10,2483.04,248.304,268,1836,3,Champions / VIP,False
16711,3,5,1651.03,330.206,18,833,3,Champions / VIP,False
16712,9,11,3637.78,330.70727272727277,258,1746,3,Champions / VIP,False
16713,19,15,6923.13,461.54200000000003,338,4276,3,Champions / VIP,False
16714,317,2,1146.53,573.265,76,609,1,At risk / Lapsed,False
16715,78,1,301.71999999999997,301.71999999999997,19,642,1,At risk / Lapsed,False
16716,267,2,901.2,450.6,1,120,1,At risk / Lapsed,False
16717,24,6,3858.38,643.0633333333334,176,1866,2,Loyal / Core,False
16718,369,1,623.75,623.7500000000001,41,413,1,At risk / Lapsed,False
16719,15,7,1790.42,255.77428571428572,107,1204,3,Champions / VIP,False
16720,26,1,155.24,155.24,25,182,0,Recent / Promising,False
16721,262,1,292.47,292.46999999999997,37,172,1,At risk / Lapsed,False
16722,17,13,4730.81,363.9084615384615,96,5001,3,Champions / VIP,False
16723,91,2,589.15,294.57499999999993,37,399,1,At risk / Lapsed,False
16725,302,6,779.57,129.9283333333333,109,293,2,Loyal / Core,False
16726,26,5,1382.02,276.404,121,977,2,Loyal / Core,False
16727,364,1,272.82,272.81999999999994,41,177,1,At risk / Lapsed,False
16728,46,4,1054.67,263.6675,218,677,2,Loyal / Core,False
16729,38,21,7236.6,344.6,233,5779,3,Champions / VIP,False
16730,52,3,743.11,247.70333333333335,75,994,2,Loyal / Core,False
16732,32,1,603.75,603.7499999999999,28,317,0,Recent / Promising,False
16734,52,3,650.51,216.83666666666667,44,346,2,Loyal / Core,False
16735,79,5,2300.56,460.11199999999997,88,1573,2,Loyal / Core,False
16737,53,1,417.59999999999997,417.59999999999997,1,288,1,At risk / Lapsed,False
16738,298,1,3.75,3.75,1,3,1,At risk / Lapsed,True
16739,177,1,323.0,323.00000000000006,13,172,1,At risk / Lapsed,False
16743,29,7,2238.09,319.7271428571429,89,2047,2,Loyal / Core,False
16744,11,7,1304.76,186.3942857142857,198,805,3,Champions / VIP,False
16745,87,17,7194.3,423.1941176470588,148,6735,3,Champions / VIP,True
16746,5,18,6697.66,372.09222222222223,234,4665,3,Champions / VIP,False
16747,38,2,836.06,418.03,34,583,2,Loyal / Core,False
16748,18,5,1515.9,303.17999999999995,42,880,2,Loyal / Core,False
16750,45,5,623.93,124.78600000000002,74,214,2,Loyal / Core,False
16751,31,1,1764.72,1764.7199999999998,24,1031,0,Recent / Promising,False
16752,373,1,207.5,207.5,9,54,1,At risk / Lapsed,False
16753,58,1,223.92000000000002,223.92,34,189,1,At risk / Lapsed,False
16754,372,1,2002.4,2002.4,2,4280,1,At risk / Lapsed,False
16755,114,3,1496.83,498.9433333333333,133,1064,2,Loyal / Core,False
16756,215,1,239.4,239.40000000000003,13,106,1,At risk / Lapsed,False
16757,319,1,106.83000000000001,106.83,7,81,1,At risk / Lapsed,False
16758,65,1,369.34000000000003,369.34000000000003,22,203,1,At risk / Lapsed,False
16759,8,3,789.79,263.2633333333333,40,609,0,Recent / Promising,False
16761,97,1,316.62,316.62,13,341,1,At risk / Lapsed,False
16762,20,3,1501.38,500.46,51,618,2,Loyal / Core,False
16763,199,1,611.85,611.8500000000001,23,319,1,At risk / Lapsed,False
16764,4,13,2799.25,215.32692307692307,209,1259,3,Champions / VIP,False
16765,294,1,34.0,34.0,1,4,1,At risk / Lapsed,False
16766,273,2,1145.6,572.7999999999998,17,536,1,At risk / Lapsed,False
16767,31,11,5580.6,507.32727272727266,148,4435,3,Champions / VIP,False
16768,48,3,478.09000000000003,159.36333333333332,47,196,2,Loyal / Core,False
16769,260,1,380.39,380.39,33,83,1,At risk / Lapsed,False
16770,58,5,770.1,154.02,116,464,2,Loyal / Core,False
16771,33,5,2234.81,446.962,199,1477,2,Loyal / Core,False
16773,57,1,171.59,171.59,23,171,1,At risk / Lapsed,False
16774,68,4,661.52,165.38,36,322,2,Loyal / Core,False
16775,10,11,1695.66,154.15090909090907,84,440,3,Champions / VIP,False
16776,60,1,388.28,388.2800000000001,61,262,1,At risk / Lapsed,False
16777,80,2,226.35,113.17500000000001,45,64,1,At risk / Lapsed,False
16778,74,2,245.94,122.97,16,194,1,At risk / Lapsed,False
16779,2,22,10629.720000000001,483.169090909091,161,5325,3,Champions / VIP,True
16780,100,2,425.19,212.595,51,271,1,At risk / Lapsed,False
16781,372,1,311.25,311.25,17,113,1,At risk / Lapsed,False
16782,10,13,2279.9,175.37692307692308,103,712,3,Champions / VIP,False
16784,20,1,107.6,107.6,3,24,0,Recent / Promising,False
16788,123,2,595.83,297.91499999999996,137,310,1,At risk / Lapsed,False
16789,8,1,80.8,80.8,5,32,0,Recent / Promising,False
16790,4,6,1545.6200000000001,257.60333333333335,88,898,3,Champions / VIP,False
16791,29,7,1709.03,244.14714285714285,217,762,2,Loyal / Core,False
16792,282,2,110.38000000000001,55.190000000000005,11,44,1,At risk / Lapsed,False
16793,57,1,243.84,243.84,16,146,1,At risk / Lapsed,False
16794,1,10,1220.69,122.069,141,936,3,Champions / VIP,False
16795,365,1,414.88,414.87999999999994,64,239,1,At risk / Lapsed,False
16796,89,1,305.62,305.61999999999995,18,186,1,At risk / Lapsed,False
16800,11,1,1201.49,1201.4899999999998,148,540,0,Recent / Promising,False
16801,163,4,1619.73,404.9325,72,499,2,Loyal / Core,False
16803,65,1,332.3,332.3,24,245,1,At risk / Lapsed,False
16804,23,3,536.99,178.99666666666667,59,246,0,Recent / Promising,False
16805,174,2,460.59,230.29499999999996,94,539,1,At risk / Lapsed,False
16806,103,4,775.54,193.885,67,377,2,Loyal / Core,False
16807,143,3,1121.59,373.8633333333333,57,778,2,Loyal / Core,False
16808,99,2,288.42,144.21,21,196,1,At risk / Lapsed,False
16809,23,5,914.69,182.93800000000002,79,652,2,Loyal / Core,False
16810,192,1,309.54,309.53999999999996,15,114,1,At risk / Lapsed,False
16811,5,2,547.07,273.53499999999997,26,477,0,Recent / Promising,False
16812,361,1,479.35,479.3500000000001,15,81,1,At risk / Lapsed,False
16813,8,10,1692.98,169.298,248,1525,3,Champions / VIP,False
16814,14,21,6499.2,309.48571428571427,121,2763,3,Champions / VIP,False
16816,103,4,417.06,104.26500000000001,28,274,2,Loyal / Core,False
16817,3,9,1604.75,178.30555555555554,73,822,3,Champions / VIP,False
16818,11,11,3349.57,304.50636363636363,172,2164,3,Champions / VIP,False
16820,96,1,497.61,497.61,26,307,1,At risk / Lapsed,False
16823,227,1,358.38,358.37999999999994,34,136,1,At risk / Lapsed,False
16824,16,2,460.64,230.32,23,236,0,Recent / Promising,False
16825,39,2,775.1800000000001,387.59000000000003,27,566,0,Recent / Promising,False
16826,51,1,341.7,341.70000000000005,22,158,1,At risk / Lapsed,False
16828,112,1,113.5,113.5,7,58,1,At risk / Lapsed,False
16829,157,1,197.22,197.22,11,99,1,At risk / Lapsed,False
16830,39,1,325.91,325.90999999999997,23,264,0,Recent / Promising,False
16832,184,3,199.15,66.38333333333334,11,33,1,At risk / Lapsed,False
16833,1,4,1106.53,276.6325,46,440,0,Recent / Promising,False
16834,228,1,413.46,413.46000000000004,24,358,1,At risk / Lapsed,False
16835,128,2,180.85,90.42500000000001,10,61,1,At risk / Lapsed,False
16836,40,2,251.87,125.935,11,165,0,Recent / Promising,False
16837,31,11,3170.98,288.2709090909091,123,1563,3,Champions / VIP,False
16838,197,2,588.85,294.425,24,185,1,At risk / Lapsed,False
16839,9,34,16594.35,488.06911764705876,114,8975,3,Champions / VIP,True
16841,37,6,1869.82,311.63666666666666,101,2250,2,Loyal / Core,False
16842,101,3,1264.19,421.3966666666667,45,693,2,Loyal / Core,False
16843,43,16,10196.57,637.2856250000001,226,10159,3,Champions / VIP,True
16846,50,1,214.32,214.32000000000002,11,135,1,At risk / Lapsed,False
16847,43,1,193.44,193.44,12,78,1,At risk / Lapsed,False
16848,53,1,281.42,281.42,14,182,1,At risk / Lapsed,False
16849,187,1,124.57,124.57,8,33,1,At risk / Lapsed,False
16850,334,1,332.41,332.41,19,249,1,At risk / Lapsed,False
16851,4,3,342.45,114.15000000000002,17,271,0,Recent / Promising,False
16852,10,2,144.91000000000003,72.455,9,56,0,Recent / Promising,False
16855,24,2,328.4,164.20000000000002,19,164,0,Recent / Promising,False
16856,15,1,35.400000000000006,35.400000000000006,2,12,0,Recent / Promising,False
16858,369,1,375.69000000000005,375.69000000000005,9,91,1,At risk / Lapsed,False
16859,145,2,747.81,373.90500000000003,50,827,1,At risk / Lapsed,False
16861,60,2,173.76,86.88,6,140,1,At risk / Lapsed,False
16863,31,2,502.8,251.4,25,409,0,Recent / Promising,False
16866,141,3,207.73999999999998,69.24666666666666,10,60,1,At risk / Lapsed,False
16869,23,4,825.42,206.35500000000002,113,585,2,Loyal / Core,False
16871,22,6,2812.34,468.72333333333336,131,1253,2,Loyal / Core,False
16872,77,3,680.02,226.67333333333332,5,600,2,Loyal / Core,False
16873,5,6,7123.62,1187.2700000000002,179,3840,3,Champions / VIP,False
16875,67,5,2095.53,419.10600000000005,93,1069,2,Loyal / Core,False
16877,12,6,853.72,142.28666666666666,111,463,2,Loyal / Core,False
16878,84,1,13.3,13.3,3,12,1,At risk / Lapsed,True
16880,31,7,1519.08,217.01142857142858,121,753,2,Loyal / Core,False
16881,67,1,432.0,432.0,1,600,1,At risk / Lapsed,False
16882,67,3,705.12,235.04,39,424,2,Loyal / Core,False
16883,187,2,276.73,138.36499999999998,33,104,1,At risk / Lapsed,False
16884,38,2,429.84000000000003,214.92000000000002,26,320,0,Recent / Promising,False
16885,15,3,471.51,157.17,82,184,0,Recent / Promising,False
16887,35,1,194.88,194.88000000000002,35,157,0,Recent / Promising,False
16889,195,3,1578.67,526.2233333333334,112,925,2,Loyal / Core,False
16891,2,5,809.7,161.94,166,283,0,Recent / Promising,False
16892,1,5,525.54,105.10800000000002,87,239,0,Recent / Promising,False
16893,367,1,145.93,145.93,44,62,1,At risk / Lapsed,False
16895,65,1,219.14,219.14000000000001,57,102,1,At risk / Lapsed,False
16897,299,2,289.78,144.89,37,73,1,At risk / Lapsed,False
16898,26,3,508.81,169.60333333333332,150,419,0,Recent / Promising,False
16899,8,6,1281.56,213.59333333333333,80,522,3,Champions / VIP,False
16900,17,3,882.16,294.05333333333334,77,832,0,Recent / Promising,False
16902,116,1,1706.88,1706.88,43,629,2,Loyal / Core,False
16903,29,1,373.24,373.24,50,262,0,Recent / Promising,False
16904,4,15,3735.4700000000003,249.03133333333335,385,2023,3,Champions / VIP,False
16905,5,7,3102.43,443.20428571428573,117,1408,3,Champions / VIP,False
16906,82,4,579.77,144.94250000000008,74,281,2,Loyal / Core,False
16907,29,5,981.65,196.32999999999998,89,298,2,Loyal / Core,False
16909,72,1,379.14,379.14,18,436,1,At risk / Lapsed,False
16910,4,8,1510.06,188.7575,318,886,3,Champions / VIP,False
16912,29,11,2575.38,234.12545454545455,88,1029,3,Champions / VIP,False
16913,290,1,113.44,113.44,8,82,1,At risk / Lapsed,False
16914,36,1,208.46,208.45999999999995,25,121,0,Recent / Promising,False
16915,9,6,621.6800000000001,103.61333333333334,46,132,0,Recent / Promising,False
16916,24,2,576.26,288.13000000000005,129,440,0,Recent / Promising,False
16917,277,1,391.52,391.52000000000004,9,232,1,At risk / Lapsed,False
16918,50,6,1068.82,178.13666666666668,97,721,2,Loyal / Core,False
16919,156,11,2596.45,236.0409090909091,141,1413,2,Loyal / Core,False
16921,61,1,169.79,169.79000000000002,50,171,1,At risk / Lapsed,False
16923,12,19,7247.61,381.4531578947369,313,3417,3,Champions / VIP,False
16924,21,3,846.75,282.25,69,493,0,Recent / Promising,False
16926,371,1,230.25,230.25000000000003,14,35,1,At risk / Lapsed,False
16927,116,3,543.05,181.01666666666668,5,993,1,At risk / Lapsed,False
16928,80,17,2839.65,167.03823529411764,68,2113,3,Champions / VIP,False
16929,4,7,1295.39,185.05571428571426,51,929,3,Champions / VIP,False
16930,26,3,380.55,126.84999999999998,47,341,0,Recent / Promising,False
16931,5,21,4604.22,219.2485714285714,448,3158,3,Champions / VIP,False
16932,53,1,161.94,161.93999999999997,44,87,1,At risk / Lapsed,False
16933,1,2,563.23,281.615,42,288,0,Recent / Promising,False
16934,55,2,950.9300000000001,475.46500000000003,59,399,2,Loyal / Core,False
16936,26,1,262.68,262.68,56,173,0,Recent / Promising,False
16938,9,4,2736.38,684.095,212,2540,2,Loyal / Core,False
16940,52,3,3049.88,1016.6266666666667,226,2169,2,Loyal / Core,False
16942,13,9,1920.59,213.39888888888888,159,811,3,Champions / VIP,False
16943,212,3,816.73,272.2433333333333,23,145,2,Loyal / Core,False
16945,22,19,4345.5,228.71052631578948,137,2725,3,Champions / VIP,False
16947,236,1,406.48,406.48,21,312,1,At risk / Lapsed,False
16948,139,3,435.02,145.0066666666667,15,1614,1,At risk / Lapsed,False
16949,4,6,1286.27,214.37833333333336,57,791,3,Champions / VIP,False
16950,57,3,1178.56,392.8533333333333,39,644,2,Loyal / Core,False
16951,135,3,1277.75,425.91666666666674,73,1318,2,Loyal / Core,False
16952,109,2,167.61,83.80499999999999,16,92,1,At risk / Lapsed,False
16953,30,1,20.8,20.8,1,10,1,At risk / Lapsed,True
16954,1,9,2085.08,231.67555555555555,40,1054,3,Champions / VIP,False
16955,185,4,518.67,129.6675,18,266,2,Loyal / Core,False
16956,18,1,308.74,308.74,16,114,0,Recent / Promising,False
16957,239,2,416.64,208.32,15,172,1,At risk / Lapsed,False
16959,87,1,117.35000000000001,117.35000000000001,7,49,1,At risk / Lapsed,False
16960,39,3,505.1,168.36666666666667,91,301,0,Recent / Promising,False
16961,116,1,234.17,234.17000000000002,14,125,1,At risk / Lapsed,False
16963,187,1,110.55000000000001,110.55000000000001,7,35,1,At risk / Lapsed,False
16965,227,1,192.07,192.07,25,243,1,At risk / Lapsed,False
16966,8,7,2154.97,307.8528571428572,8,1981,3,Champions / VIP,False
16967,189,1,319.02,319.02,21,333,1,At risk / Lapsed,False
16968,4,2,439.43,219.715,31,326,0,Recent / Promising,False
16969,39,3,650.41,216.80333333333337,42,816,2,Loyal / Core,False
16971,38,1,357.21,357.21,40,72,0,Recent / Promising,False
16976,267,1,251.51999999999998,251.51999999999998,2,88,1,At risk / Lapsed,False
16978,78,1,344.33,344.3299999999999,39,166,1,At risk / Lapsed,False
16979,4,6,1852.0,308.6666666666667,64,865,3,Champions / VIP,False
16980,255,2,1078.96,539.4800000000001,71,788,1,At risk / Lapsed,False
16982,61,1,384.06,384.06,22,182,1,At risk / Lapsed,False
16983,13,7,1931.25,275.89285714285717,112,1379,3,Champions / VIP,False
16984,88,2,4481.35,2240.675,354,2423,2,Loyal / Core,False
16985,17,10,5464.12,546.4119999999999,62,1832,3,Champions / VIP,False
16986,30,2,1873.2,936.6,3,1040,2,Loyal / Core,False
16987,3,7,1625.05,232.15000000000003,74,402,3,Champions / VIP,False
16988,5,1,126.12,126.12,7,43,0,Recent / Promising,False
16989,7,6,1133.25,188.875,7,1233,3,Champions / VIP,False
16990,219,1,179.0,179.0,1,100,1,At risk / Lapsed,False
16992,11,5,1614.31,322.86199999999997,84,860,2,Loyal / Core,False
16996,30,6,1456.96,242.8266666666667,13,544,2,Loyal / Core,False
16997,288,3,702.0,234.0,7,360,1,At risk / Lapsed,False
16998,150,4,295.0,73.75,1,76,1,At risk / Lapsed,False
16999,23,2,484.82,242.41,21,294,0,Recent / Promising,False
17001,1,11,3989.57,362.6881818181818,75,2164,3,Champions / VIP,False
17002,86,3,1493.73,497.9100000000001,41,679,2,Loyal / Core,False
17004,46,2,1412.94,706.4700000000001,38,819,2,Loyal / Core,False
17006,5,4,781.78,195.445,37,272,0,Recent / Promising,False
17007,51,6,889.9300000000001,148.32166666666663,50,597,2,Loyal / Core,False
17010,18,1,195.36,195.36,11,118,0,Recent / Promising,False
17011,30,1,270.9,270.9,15,186,0,Recent / Promising,False
17014,8,3,586.33,195.4433333333333,63,245,0,Recent / Promising,False
17015,29,3,1842.56,614.1866666666666,182,1981,2,Loyal / Core,False
17017,3,20,8694.26,434.713,88,6673,3,Champions / VIP,False
17018,41,2,920.1,460.05,15,176,2,Loyal / Core,False
17019,11,4,1272.61,318.15250000000003,166,827,2,Loyal / Core,False
17022,31,1,71.0,71.0,7,108,1,At risk / Lapsed,False
17024,45,3,95.85,31.95,2,69,1,At risk / Lapsed,False
17025,61,3,357.77,119.25666666666666,8,235,1,At risk / Lapsed,False
17026,185,2,154.82999999999998,77.41499999999999,4,97,1,At risk / Lapsed,False
17027,79,6,890.29,148.3816666666667,110,421,2,Loyal / Core,False
17029,111,2,716.0,358.0,1,400,1,At risk / Lapsed,False
17030,64,1,146.87,146.87000000000003,11,146,1,At risk / Lapsed,False
17031,12,2,380.35,190.175,19,235,0,Recent / Promising,False
17033,86,3,1030.14,343.38000000000005,24,750,2,Loyal / Core,False
17034,16,3,745.52,248.5066666666667,28,410,0,Recent / Promising,False
17035,246,2,433.53000000000003,216.765,27,229,1,At risk / Lapsed,False
17037,88,1,1267.32,1267.32,75,656,1,At risk / Lapsed,False
17038,30,1,112.4,112.40000000000002,22,28,0,Recent / Promising,False
17040,138,1,449.73,449.72999999999996,15,181,1,At risk / Lapsed,False
17041,27,3,1081.57,360.5233333333333,59,951,2,Loyal / Core,False
17042,3,5,1044.3799999999999,208.87600000000003,74,994,0,Recent / Promising,False
17043,32,4,1735.18,433.795,100,998,2,Loyal / Core,False
17044,25,1,948.48,948.48,6,504,0,Recent / Promising,False
17045,113,3,339.44,113.14666666666665,20,106,1,At risk / Lapsed,False
17046,157,1,642.02,642.0199999999999,22,510,1,At risk / Lapsed,False
17047,85,3,1100.9,366.96666666666664,59,533,2,Loyal / Core,False
17048,118,3,925.35,308.45,41,485,2,Loyal / Core,False
17049,3,9,5659.9800000000005,628.8866666666667,201,2676,3,Champions / VIP,False
17050,96,6,3228.84,538.14,169,1614,2,Loyal / Core,False
17051,194,1,247.14000000000001,247.14,40,184,1,At risk / Lapsed,False
17052,28,1,413.75,413.74999999999994,72,261,0,Recent / Promising,False
17053,131,1,498.48,498.47999999999996,13,122,1,At risk / Lapsed,False
17054,28,5,1356.33,271.266,64,804,2,Loyal / Core,False
17058,82,3,1179.89,393.2966666666666,51,592,2,Loyal / Core,False
17059,30,5,3095.04,619.008,292,1855,2,Loyal / Core,False
17060,266,1,234.24,234.24,5,216,1,At risk / Lapsed,False
17061,74,11,5232.2300000000005,475.6572727272727,57,1526,3,Champions / VIP,False
17062,314,4,533.33,133.3325,51,418,1,At risk / Lapsed,False
17063,21,7,1461.14,208.73428571428573,66,770,2,Loyal / Core,False
17064,59,3,859.35,286.45,53,318,2,Loyal / Core,False
17068,12,21,4545.89,216.47095238095235,115,2159,3,Champions / VIP,False
17069,28,9,2709.7000000000003,301.0777777777778,111,1506,3,Champions / VIP,False
17070,114,1,312.14,312.14,62,133,1,At risk / Lapsed,False
17071,28,9,2429.03,269.89222222222224,102,1197,3,Champions / VIP,False
17073,18,4,1444.84,361.21000000000004,141,758,2,Loyal / Core,False
17075,18,4,834.12,208.52999999999997,62,292,2,Loyal / Core,False
17076,36,3,841.0799999999999,280.35999999999996,17,295,2,Loyal / Core,False
17078,36,2,375.86,187.93,27,782,0,Recent / Promising,False
17079,78,1,118.80000000000001,118.80000000000001,2,24,1,At risk / Lapsed,False
17080,22,2,287.62,143.81,8,166,0,Recent / Promising,False
17081,25,2,290.16,145.07999999999998,55,78,0,Recent / Promising,False
17082,33,2,2003.85,1001.925,75,1049,2,Loyal / Core,False
17083,109,3,1405.78,468.5933333333333,24,772,2,Loyal / Core,False
17084,35,2,2949.75,1474.875,146,1816,2,Loyal / Core,False
17085,123,5,1566.65,313.33000000000004,115,786,2,Loyal / Core,False
17086,7,6,2050.08,341.68,76,1859,3,Champions / VIP,False
17088,28,4,1991.01,497.75250000000005,96,868,2,Loyal / Core,False
17090,4,7,2043.95,291.9928571428572,45,921,3,Champions / VIP,False
17091,3,9,3827.76,425.30666666666673,119,1746,3,Champions / VIP,False
17092,50,4,1777.78,444.44500000000005,99,1131,2,Loyal / Core,False
17094,322,1,302.0,301.99999999999994,14,152,1,At risk / Lapsed,False
17095,23,3,1324.16,441.3866666666666,69,618,2,Loyal / Core,False
17096,15,4,1022.13,255.53249999999997,46,339,2,Loyal / Core,False
17097,2,8,954.42,119.3025,153,459,3,Champions / VIP,False
17100,18,2,971.74,485.87,65,800,0,Recent / Promising,False
17101,10,4,1621.73,405.4325,28,815,2,Loyal / Core,False
17102,262,1,25.5,25.5,1,2,1,At risk / Lapsed,False
17105,159,2,665.78,332.88999999999993,80,693,1,At risk / Lapsed,False
17107,33,6,10815.43,1802.5716666666667,269,4837,3,Champions / VIP,False
17109,29,6,885.04,147.5066666666667,107,589,2,Loyal / Core,False
17110,165,1,163.29999999999998,163.3,12,50,1,At risk / Lapsed,False
17111,47,1,248.61,248.60999999999996,29,302,1,At risk / Lapsed,False
17114,6,8,808.62,101.0775,85,219,3,Champions / VIP,False
17115,8,3,837.5,279.1666666666666,33,372,0,Recent / Promising,False
17117,288,1,116.19999999999999,116.19999999999999,9,68,1,At risk / Lapsed,False
17118,318,1,157.02,157.02,10,154,1,At risk / Lapsed,False
17119,3,2,606.91,303.455,35,334,0,Recent / Promising,False
17120,233,1,307.46,307.46000000000004,18,120,1,At risk / Lapsed,False
17122,119,1,138.32,138.32,7,80,1,At risk / Lapsed,False
17123,162,1,345.29999999999995,345.29999999999995,9,246,1,At risk / Lapsed,False
17124,185,1,298.89,298.89,31,130,1,At risk / Lapsed,False
17125,50,1,259.35,259.35,34,291,1,At risk / Lapsed,False
17126,152,5,1004.75,200.95,187,792,2,Loyal / Core,False
17128,335,1,157.09,157.08999999999997,14,76,1,At risk / Lapsed,False
17131,5,5,2463.17,492.634,78,983,3,Champions / VIP,False
17133,16,7,4892.240000000001,698.8914285714287,13,2730,3,Champions / VIP,False
17134,107,2,425.0,212.5,21,102,1,At risk / Lapsed,False
17135,16,7,1139.73,162.81857142857143,34,1224,2,Loyal / Core,False
17138,276,1,380.5,380.5,24,126,1,At risk / Lapsed,False
17139,16,12,10668.47,889.0391666666668,309,5182,3,Champions / VIP,False
17140,247,1,465.32,465.32,16,302,1,At risk / Lapsed,False
17142,239,1,579.0,578.9999999999999,15,81,1,At risk / Lapsed,False
17144,1,2,984.57,492.28499999999997,42,483,0,Recent / Promising,False
17146,106,3,749.78,249.92666666666665,33,212,2,Loyal / Core,False
17147,23,4,1714.59,428.6475,68,882,2,Loyal / Core,False
17148,52,1,124.88,124.88,9,82,1,At risk / Lapsed,False
17152,195,3,1689.5,563.1666666666666,9,517,2,Loyal / Core,False
17153,24,1,213.78,213.77999999999997,14,104,0,Recent / Promising,False
17154,75,1,329.34,329.34,23,490,1,At risk / Lapsed,False
17155,18,2,251.70000000000002,125.84999999999997,19,242,0,Recent / Promising,False
17157,8,2,319.0,159.5,11,172,0,Recent / Promising,False
17158,32,3,1266.97,422.3233333333333,53,778,2,Loyal / Core,False
17159,22,3,1538.88,512.96,96,1111,2,Loyal / Core,False
17160,31,6,3518.03,586.3383333333333,111,2856,2,Loyal / Core,False
17162,29,10,1715.46,171.546,81,1001,3,Champions / VIP,False
17163,22,2,293.1,146.55,3,66,0,Recent / Promising,False
17164,33,7,2467.35,352.4785714285714,92,1501,2,Loyal / Core,False
17165,284,1,158.68,158.68,10,100,1,At risk / Lapsed,False
17166,39,2,206.34,103.16999999999999,11,78,0,Recent / Promising,False
17169,58,2,835.78,417.8900000000001,51,526,2,Loyal / Core,False
17171,289,1,224.91,224.91,16,185,1,At risk / Lapsed,False
17172,79,1,317.76,317.76,15,480,1,At risk / Lapsed,False
17173,5,8,3766.6,470.82499999999993,36,1122,3,Champions / VIP,False
17174,218,1,59.9,59.9,4,41,1,At risk / Lapsed,False
17175,44,4,1443.69,360.9225,42,866,2,Loyal / Core,False
17176,202,1,306.13,306.13,15,170,1,At risk / Lapsed,False
17179,178,3,711.79,237.26333333333332,56,290,2,Loyal / Core,False
17180,56,4,796.03,199.0075,91,683,2,Loyal / Core,False
17181,57,2,239.92000000000002,119.95999999999998,23,241,1,At risk / Lapsed,False
17183,8,6,3347.31,557.885,42,1296,3,Champions / VIP,False
17186,47,2,144.0,72.0,1,200,1,At risk / Lapsed,False
17187,227,1,203.95,203.95,10,144,1,At risk / Lapsed,False
17188,11,7,2474.23,353.4614285714286,71,1328,3,Champions / VIP,False
17189,106,2,384.40000000000003,192.20000000000002,52,227,1,At risk / Lapsed,False
17190,59,2,444.74,222.37,19,161,1,At risk / Lapsed,False
17191,28,7,2095.13,299.30428571428575,163,1167,2,Loyal / Core,False
17193,36,7,1699.3000000000002,242.7571428571429,17,1254,2,Loyal / Core,False
17194,361,1,226.78,226.78000000000003,25,112,1,At risk / Lapsed,False
17197,30,1,1013.01,1013.01,29,191,0,Recent / Promising,False
17198,24,3,692.22,230.73999999999998,89,357,0,Recent / Promising,False
17201,54,1,342.63,342.63,38,268,1,At risk / Lapsed,False
17203,36,6,3563.85,593.9749999999999,116,2850,2,Loyal / Core,False
17204,175,4,1564.56,391.14,44,646,2,Loyal / Core,False
17205,54,1,384.08,384.08,13,884,1,At risk / Lapsed,False
17206,53,1,204.24,204.24,7,76,1,At risk / Lapsed,False
17211,27,8,2317.2200000000003,289.65250000000003,150,1323,2,Loyal / Core,False
17212,253,1,226.85,226.85,4,147,1,At risk / Lapsed,False
17213,40,7,2781.23,397.3185714285715,85,1176,2,Loyal / Core,False
17214,60,6,1069.1200000000001,178.1866666666667,79,276,2,Loyal / Core,False
17217,234,1,113.5,113.49999999999999,9,24,1,At risk / Lapsed,False
17218,4,10,1960.72,196.07199999999997,146,958,3,Champions / VIP,False
17219,32,1,114.23,114.23,24,89,0,Recent / Promising,False
17220,24,14,3198.25,228.44642857142858,303,1905,3,Champions / VIP,False
17221,7,2,335.13,167.56500000000003,59,288,0,Recent / Promising,False
17222,65,1,354.15,354.15,27,128,1,At risk / Lapsed,False
17223,310,2,391.79,195.895,42,111,1,At risk / Lapsed,False
17226,309,1,393.49,393.48999999999995,21,406,1,At risk / Lapsed,False
17227,19,6,939.32,156.5533333333333,28,741,2,Loyal / Core,False
17228,16,8,1906.09,238.26125,140,1532,3,Champions / VIP,False
17229,96,2,318.76,159.38000000000002,39,185,1,At risk / Lapsed,False
17230,264,8,3638.41,454.80125,51,1651,2,Loyal / Core,False
17231,12,10,3174.32,317.432,292,1742,3,Champions / VIP,False
17232,3,2,421.52,210.76,30,203,0,Recent / Promising,False
17233,35,1,190.88,190.88,25,131,0,Recent / Promising,False
17234,183,1,149.89000000000001,149.89,14,55,1,At risk / Lapsed,False
17235,25,2,550.06,275.0300000000001,24,224,0,Recent / Promising,False
17236,13,6,916.13,152.68833333333336,88,474,2,Loyal / Core,False
17237,11,2,314.69,157.345,18,105,0,Recent / Promising,False
17238,3,17,3744.65,220.2735294117647,297,1822,3,Champions / VIP,False
17239,313,1,382.5,382.50000000000006,15,150,1,At risk / Lapsed,False
17242,108,2,1135.04,567.52,30,611,2,Loyal / Core,False
17243,1,26,8668.45,333.4019230769231,179,3366,3,Champions / VIP,True
17244,53,1,954.9,954.9,31,616,0,Recent / Promising,False
17245,205,1,171.45,171.45,9,75,1,At risk / Lapsed,False
17247,15,1,282.19,282.19,53,106,0,Recent / Promising,False
17248,120,1,318.65,318.65000000000003,68,213,1,At risk / Lapsed,False
17250,4,2,384.52,192.26,55,168,0,Recent / Promising,False
17251,363,1,283.28000000000003,283.28,37,110,1,At risk / Lapsed,False
17252,117,2,353.86,176.92999999999998,86,193,1,At risk / Lapsed,False
17253,18,1,178.26,178.26,18,43,0,Recent / Promising,False
17254,5,2,272.44,136.22,100,252,0,Recent / Promising,False
17255,41,2,298.41,149.205,69,232,0,Recent / Promising,False
17256,107,2,240.0,120.0,12,141,1,At risk / Lapsed,False
17259,148,2,603.37,301.685,104,410,1,At risk / Lapsed,False
17262,52,5,1253.3600000000001,250.67200000000003,9,367,2,Loyal / Core,False
17263,208,1,63.440000000000005,63.440000000000005,23,36,1,At risk / Lapsed,False
17265,139,2,562.9,281.4500000000001,106,394,1,At risk / Lapsed,False
17266,2,3,310.64,103.54666666666667,60,161,0,Recent / Promising,False
17267,127,2,317.62,158.80999999999997,37,159,1,At risk / Lapsed,False
17268,108,4,763.64,190.91,3,844,2,Loyal / Core,False
17272,42,4,2148.63,537.1575000000001,70,1778,2,Loyal / Core,False
17274,35,1,111.97999999999999,111.98000000000002,24,79,1,At risk / Lapsed,False
17277,228,2,1065.3500000000001,532.6750000000001,67,430,1,At risk / Lapsed,False
17278,241,1,246.04,246.04000000000002,15,179,1,At risk / Lapsed,False
17279,58,1,187.82999999999998,187.82999999999998,8,48,1,At risk / Lapsed,False
17282,130,3,1703.41,567.8033333333334,79,1877,2,Loyal / Core,False
17284,60,6,1652.58,275.43,229,1364,2,Loyal / Core,False
17286,22,1,153.92,153.92000000000002,44,118,0,Recent / Promising,False
17287,26,7,1064.11,152.0157142857143,88,559,2,Loyal / Core,False
17288,9,7,1419.73,202.81857142857143,118,1203,3,Champions / VIP,False
17289,32,3,944.41,314.80333333333334,86,520,2,Loyal / Core,False
17290,4,2,525.24,262.62,92,404,0,Recent / Promising,False
17291,308,1,550.8000000000001,550.8000000000001,1,72,1,At risk / Lapsed,False
17293,8,9,1875.1100000000001,208.34555555555556,93,1140,3,Champions / VIP,False
17295,29,3,556.95,185.65,53,294,0,Recent / Promising,False
17297,17,1,131.78,131.78,49,67,0,Recent / Promising,False
17298,101,2,498.42,249.21,30,387,1,At risk / Lapsed,False
17299,12,4,669.11,167.27749999999997,50,678,0,Recent / Promising,False
17301,21,1,197.63,197.63000000000002,59,149,0,Recent / Promising,False
17302,15,5,1135.63,227.12600000000003,68,575,2,Loyal / Core,False
17303,361,1,250.04,250.03999999999996,53,144,1,At risk / Lapsed,False
17306,11,19,8631.31,454.2794736842106,13,11491,3,Champions / VIP,False
17309,95,1,82.75,82.75,11,41,1,At risk / Lapsed,False
17311,78,2,1384.85,692.425,55,1005,2,Loyal / Core,False
17312,139,3,644.3,214.76666666666665,11,372,2,Loyal / Core,False
17313,31,1,2328.84,2328.84,24,1402,2,Loyal / Core,False
17314,25,8,2527.92,315.99,120,1896,3,Champions / VIP,False
17315,2,36,6252.18,173.67166666666668,254,3862,3,Champions / VIP,True
17317,46,3,2600.34,866.7800000000001,8,1146,2,Loyal / Core,False
17320,100,3,1200.6200000000001,400.2066666666667,57,634,2,Loyal / Core,False
17321,8,2,700.86,350.42999999999995,94,373,0,Recent / Promising,False
17323,15,7,917.67,131.0957142857143,124,772,2,Loyal / Core,False
17324,18,4,990.23,247.55749999999998,43,844,2,Loyal / Core,False
17325,280,1,96.8,96.8,6,60,1,At risk / Lapsed,False
17329,14,2,523.11,261.555,29,142,0,Recent / Promising,False
17330,23,2,363.9,181.95,5,120,0,Recent / Promising,False
17331,124,1,175.2,175.2,1,16,1,At risk / Lapsed,False
17333,86,1,494.25,494.25,28,375,1,At risk / Lapsed,False
17334,302,2,307.02,153.51000000000002,11,315,1,At risk / Lapsed,False
17337,151,4,2026.42,506.605,420,1268,2,Loyal / Core,False
17338,17,8,6635.14,829.3925,388,3113,3,Champions / VIP,False
17339,94,2,243.36,121.68,9,152,1,At risk / Lapsed,False
17340,30,11,12353.29,1123.0263636363636,229,5967,3,Champions / VIP,False
17341,157,3,781.36,260.4533333333333,147,489,2,Loyal / Core,False
17343,355,1,193.64,193.64,17,56,1,At risk / Lapsed,False
17344,46,1,160.57,160.57000000000002,31,66,1,At risk / Lapsed,False
17345,15,4,537.74,134.43500000000003,70,346,0,Recent / Promising,False
17346,4,15,2676.56,178.43733333333333,299,1657,3,Champions / VIP,False
17347,86,1,228.96,228.96,1,216,1,At risk / Lapsed,False
17348,15,5,1159.52,231.90399999999994,180,1401,2,Loyal / Core,False
17349,179,1,110.75,110.75,8,112,1,At risk / Lapsed,False
17350,8,4,1286.07,321.51750000000004,66,795,0,Recent / Promising,False
17351,36,3,587.15,195.71666666666667,22,113,2,Loyal / Core,False
17353,129,2,1740.0,870.0,5,1200,2,Loyal / Core,False
17354,51,1,1393.06,1393.06,15,1006,2,Loyal / Core,False
17356,312,1,178.22,178.21999999999997,19,166,1,At risk / Lapsed,False
17357,24,2,388.14,194.06999999999996,41,153,0,Recent / Promising,False
17358,303,2,365.85,182.92499999999998,55,202,1,At risk / Lapsed,False
17359,11,1,127.86,127.85999999999999,13,161,0,Recent / Promising,False
17360,17,3,585.79,195.26333333333335,113,335,0,Recent / Promising,False
17361,49,3,488.2,162.73333333333335,26,157,2,Loyal / Core,False
17362,239,2,312.23,156.11499999999998,30,191,1,At risk / Lapsed,False
17364,1,11,4481.18,407.38000000000005,288,2701,3,Champions / VIP,False
17365,13,8,4796.52,599.565,277,4765,3,Champions / VIP,False
17367,238,1,168.4,168.39999999999998,33,150,1,At risk / Lapsed,False
17368,23,8,1912.67,239.08375000000004,93,1391,2,Loyal / Core,False
17370,73,4,446.18,111.54499999999999,31,540,2,Loyal / Core,False
17371,17,3,423.89,141.29666666666665,83,152,0,Recent / Promising,False
17372,41,8,1342.68,167.835,215,749,2,Loyal / Core,False
17373,40,4,646.92,161.73000000000002,47,408,2,Loyal / Core,False
17374,219,2,495.77,247.88499999999996,24,85,1,At risk / Lapsed,False
17375,199,3,400.1,133.36666666666665,63,367,1,At risk / Lapsed,False
17376,71,2,203.2,101.6,23,86,1,At risk / Lapsed,False
17377,24,20,4100.92,205.046,190,2076,3,Champions / VIP,False
17379,11,1,404.66,404.66,71,663,0,Recent / Promising,False
17381,9,29,20275.61,699.1589655172414,40,25649,3,Champions / VIP,True
17382,65,1,65.4,65.4,2,25,1,At risk / Lapsed,False
17383,4,1,199.29,199.28999999999996,49,150,0,Recent / Promising,False
17384,19,2,336.4,168.2,12,88,0,Recent / Promising,False
17385,15,1,261.11,261.11,42,201,0,Recent / Promising,False
17386,8,6,2686.42,447.73666666666674,23,1902,3,Champions / VIP,False
17387,20,2,784.11,392.05499999999995,71,542,0,Recent / Promising,False
17388,78,4,1259.56,314.89000000000004,13,1068,2,Loyal / Core,False
17389,1,34,31833.68,936.2847058823529,45,7612,3,Champions / VIP,True
17391,164,2,508.8,254.4,2,480,1,At risk / Lapsed,False
17392,307,2,451.91,225.95499999999998,52,318,1,At risk / Lapsed,False
17394,219,1,203.86999999999998,203.86999999999995,4,241,1,At risk / Lapsed,False
17396,39,7,7312.8,1044.6857142857143,23,2004,3,Champions / VIP,False
17397,22,2,696.41,348.20500000000004,88,254,0,Recent / Promising,False
17398,115,3,653.38,217.79333333333332,30,310,2,Loyal / Core,False
17400,126,5,2129.96,425.992,175,1097,2,Loyal / Core,False
17402,5,12,2598.85,216.57083333333333,32,700,3,Champions / VIP,False
17403,36,1,281.62,281.62,32,117,0,Recent / Promising,False
17404,4,13,31781.82,2444.755384615384,109,32744,3,Champions / VIP,True
17405,1,3,1031.41,343.80333333333334,77,726,0,Recent / Promising,False
17406,333,3,2200.42,733.4733333333334,99,787,2,Loyal / Core,False
17408,163,1,32.65,32.65,2,3,1,At risk / Lapsed,False
17409,185,2,771.85,385.92499999999995,13,105,1,At risk / Lapsed,False
17410,16,5,1214.72,242.94400000000002,57,616,2,Loyal / Core,False
17411,12,3,778.94,259.64666666666665,39,306,0,Recent / Promising,False
17412,3,7,1258.06,179.72285714285718,48,738,3,Champions / VIP,False
17414,44,2,778.0,389.0,5,2100,2,Loyal / Core,False
17415,80,1,507.84,507.8399999999999,14,114,1,At risk / Lapsed,False
17416,30,7,6893.42,984.7742857142857,186,4302,3,Champions / VIP,False
17418,42,2,463.46000000000004,231.73,29,289,0,Recent / Promising,False
17419,11,12,4226.57,352.21416666666664,155,1876,3,Champions / VIP,False
17420,50,3,598.83,199.61,28,265,2,Loyal / Core,False
17422,16,6,1979.37,329.89500000000004,93,2253,2,Loyal / Core,False
17423,46,2,698.41,349.205,26,459,0,Recent / Promising,False
17425,19,2,759.17,379.58500000000004,42,407,0,Recent / Promising,False
17426,8,6,5037.26,839.5433333333334,179,3094,3,Champions / VIP,False
17427,72,1,100.8,100.8,2,34,1,At risk / Lapsed,False
17428,1,28,17256.85,616.3160714285714,252,9474,3,Champions / VIP,True
17429,128,3,524.9200000000001,174.97333333333336,36,624,1,At risk / Lapsed,False
17430,33,2,265.76,132.88000000000002,14,190,0,Recent / Promising,False
17431,313,1,403.3,403.3,41,292,1,At risk / Lapsed,False
17432,18,2,365.76,182.88,44,207,0,Recent / Promising,False
17433,88,1,303.15999999999997,303.15999999999997,53,185,1,At risk / Lapsed,False
17434,2,7,2373.82,339.1171428571428,100,1693,3,Champions / VIP,False
17436,2,2,216.29999999999998,108.15,7,90,0,Recent / Promising,False
17438,254,1,388.45000000000005,388.45000000000005,17,103,1,At risk / Lapsed,False
17440,157,3,186.42000000000002,62.13999999999999,3,246,1,At risk / Lapsed,False
17442,37,6,2248.56,374.76,96,1496,2,Loyal / Core,False
17443,220,1,534.24,534.24,1,504,1,At risk / Lapsed,False
17444,152,2,2389.1,1194.5500000000002,131,2118,2,Loyal / Core,False
17446,177,2,120.9,60.45000000000001,6,198,1,At risk / Lapsed,False
17447,40,2,541.53,270.765,33,443,0,Recent / Promising,False
17449,2,7,2517.86,359.69428571428574,177,1121,3,Champions / VIP,False
17450,8,46,194550.79,4229.365,124,69993,3,Champions / VIP,True
17451,1,7,1721.4,245.91428571428574,83,1203,3,Champions / VIP,False
17453,18,2,486.71999999999997,243.35999999999999,19,219,0,Recent / Promising,False
17454,192,4,517.53,129.3825,57,243,2,Loyal / Core,False
17455,204,1,131.7,131.7,8,66,1,At risk / Lapsed,False
17456,365,1,249.86,249.86,17,222,1,At risk / Lapsed,False
17457,127,5,1737.7,347.54,14,826,2,Loyal / Core,False
17458,15,1,316.5,316.49999999999994,52,170,0,Recent / Promising,False
17459,43,2,657.3,328.65,88,537,0,Recent / Promising,False
17460,94,6,622.4300000000001,103.73833333333333,18,236,2,Loyal / Core,False
17461,23,3,757.46,252.48666666666665,104,799,0,Recent / Promising,False
17462,60,2,675.69,337.84499999999997,25,227,2,Loyal / Core,False
17463,16,5,1896.41,379.28200000000004,162,1095,2,Loyal / Core,False
17464,158,1,289.96000000000004,289.96000000000004,9,220,1,At risk / Lapsed,False
17466,10,2,763.28,381.64,41,306,0,Recent / Promising,False
17468,10,2,137.0,68.5,5,116,0,Recent / Promising,False
17469,16,5,1870.97,374.1940000000001,61,787,2,Loyal / Core,False
17470,45,5,1125.07,225.01400000000004,67,1675,2,Loyal / Core,False
17472,191,3,710.29,236.76333333333332,142,462,1,At risk / Lapsed,False
17475,79,1,194.37,194.36999999999995,14,178,1,At risk / Lapsed,False
17480,78,1,511.82,511.82,29,338,1,At risk / Lapsed,False
17481,4,4,1255.59,313.8975,69,1061,0,Recent / Promising,False
17483,65,3,414.04,138.01333333333335,18,191,2,Loyal / Core,False
17486,261,1,396.87,396.87,24,191,1,At risk / Lapsed,False
17489,59,2,376.64,188.31999999999996,28,428,1,At risk / Lapsed,False
17490,1,7,2092.32,298.90285714285716,63,1134,3,Champions / VIP,False
17491,1,10,3558.87,355.88700000000006,72,2013,3,Champions / VIP,False
17492,248,1,374.57,374.57,12,155,1,At risk / Lapsed,False
17495,8,2,497.56,248.78000000000003,21,229,0,Recent / Promising,False
17496,359,1,271.05,271.05,10,79,1,At risk / Lapsed,False
17498,76,1,272.22,272.22,17,394,1,At risk / Lapsed,False
17499,290,1,622.88,622.88,40,711,1,At risk / Lapsed,False
17500,17,3,1138.0,379.3333333333333,3,17,2,Loyal / Core,False
17501,221,2,288.6,144.29999999999998,18,160,1,At risk / Lapsed,False
17502,9,4,689.1,172.27499999999998,25,376,0,Recent / Promising,False
17503,3,2,558.96,279.47999999999996,36,486,0,Recent / Promising,False
17504,206,9,2997.0299999999997,333.00333333333333,112,1664,2,Loyal / Core,False
17505,162,2,1145.84,572.92,48,556,2,Loyal / Core,False
17506,76,1,302.2,302.20000000000005,14,139,1,At risk / Lapsed,False
17507,262,2,605.58,302.79,79,359,1,At risk / Lapsed,False
17508,281,1,387.31,387.31,22,289,1,At risk / Lapsed,False
17509,58,8,6115.14,764.3924999999999,75,3534,2,Loyal / Core,False
17510,25,1,308.48,308.48,20,214,0,Recent / Promising,False
17511,3,31,91062.38,2937.496129032258,453,64549,3,Champions / VIP,True
17512,29,10,2924.9900000000002,292.49899999999997,61,2753,3,Champions / VIP,False
17513,72,1,513.2,513.2,6,254,1,At risk / Lapsed,False
17514,128,1,208.65,208.65,40,135,1,At risk / Lapsed,False
17515,31,4,639.02,159.755,49,243,2,Loyal / Core,False
17516,15,5,768.08,153.616,113,416,2,Loyal / Core,False
17517,309,1,153.94,153.94,11,102,1,At risk / Lapsed,False
17519,17,6,1844.02,307.33666666666664,60,1236,2,Loyal / Core,False
17520,54,1,546.81,546.81,30,365,1,At risk / Lapsed,False
17521,30,3,723.2099999999999,241.07000000000002,38,519,2,Loyal / Core,False
17522,2,5,1066.15,213.23000000000002,58,1022,3,Champions / VIP,False
17523,11,4,652.74,163.185,25,872,0,Recent / Promising,False
17524,361,1,145.0,145.0,6,90,1,At risk / Lapsed,False
17525,360,1,422.70000000000005,422.7,9,82,1,At risk / Lapsed,False
17526,5,4,1195.8999999999999,298.975,17,310,0,Recent / Promising,False
17527,54,4,939.37,234.8425,45,488,2,Loyal / Core,False
17528,1,8,3628.5,453.5625,183,2138,3,Champions / VIP,False
17530,1,10,2380.41,238.04100000000003,305,1523,3,Champions / VIP,False
17531,190,1,296.7,296.7,14,136,1,At risk / Lapsed,False
17534,54,1,223.36,223.36,9,103,1,At risk / Lapsed,False
17535,280,1,164.4,164.39999999999998,13,136,1,At risk / Lapsed,False
17536,177,1,76.5,76.5,3,6,1,At risk / Lapsed,False
17537,30,2,897.62,448.81,74,700,0,Recent / Promising,False
17538,26,1,98.42,98.42,9,134,0,Recent / Promising,False
17540,25,2,578.9,289.45,20,194,0,Recent / Promising,False
17542,270,1,170.75,170.75,24,134,1,At risk / Lapsed,False
17545,43,3,645.96,215.32000000000002,122,341,2,Loyal / Core,False
17548,234,1,103.3,103.3,5,58,1,At risk / Lapsed,False
17549,24,2,148.86,74.43,5,210,0,Recent / Promising,False
17550,197,3,267.16,89.05333333333336,42,86,1,At risk / Lapsed,False
17551,359,1,306.84,306.84000000000003,39,150,1,At risk / Lapsed,False
17552,60,4,930.41,232.6025,43,719,2,Loyal / Core,False
17553,130,1,1487.6,1487.6,2,1048,1,At risk / Lapsed,False
17554,1,5,1952.45,390.48999999999995,58,1763,3,Champions / VIP,False
17555,20,2,483.26,241.63,101,349,0,Recent / Promising,False
17556,206,1,157.9,157.9,6,101,1,At risk / Lapsed,False
17557,14,3,541.46,180.48666666666665,27,306,0,Recent / Promising,False
17560,95,4,854.95,213.7375,22,635,2,Loyal / Core,False
17561,19,1,167.62,167.61999999999998,44,146,0,Recent / Promising,False
17562,14,7,1122.38,160.33999999999997,48,817,2,Loyal / Core,False
17564,24,3,454.01,151.33666666666667,38,146,0,Recent / Promising,False
17566,8,2,901.21,450.60499999999996,113,518,0,Recent / Promising,False
17567,7,8,4331.48,541.435,110,2632,3,Champions / VIP,False
17569,332,1,344.14,344.13999999999993,29,159,1,At risk / Lapsed,False
17571,50,4,1497.26,374.315,246,904,2,Loyal / Core,False
17572,71,4,226.75000000000003,56.6875,7,95,1,At risk / Lapsed,False
17573,29,3,380.6,126.86666666666666,24,308,0,Recent / Promising,False
17574,243,1,185.65,185.64999999999998,8,77,1,At risk / Lapsed,False
17576,8,19,3622.68,190.66736842105263,245,1994,3,Champions / VIP,False
17578,218,1,143.45999999999998,143.45999999999998,5,138,1,At risk / Lapsed,False
17579,5,3,448.90000000000003,149.6333333333333,46,258,0,Recent / Promising,False
17580,253,3,212.77,70.92333333333333,42,87,1,At risk / Lapsed,False
17581,1,25,11045.04,441.80159999999995,229,5927,3,Champions / VIP,True
17582,236,1,175.27,175.27,28,123,1,At risk / Lapsed,False
17584,7,2,1242.3,621.1500000000001,30,458,0,Recent / Promising,False
17585,109,4,1133.07,283.2675,176,1671,2,Loyal / Core,False
17588,100,3,1240.2,413.40000000000003,19,676,2,Loyal / Core,False
17589,60,4,2402.92,600.7299999999999,171,1630,2,Loyal / Core,False
17590,2,3,1477.97,492.65666666666675,161,827,0,Recent / Promising,False
17591,73,7,2225.9700000000003,317.9957142857143,81,1009,2,Loyal / Core,False
17593,4,5,3927.34,785.4680000000001,190,3101,3,Champions / VIP,False
17594,85,2,993.18,496.59000000000003,42,550,2,Loyal / Core,False
17595,12,2,388.79,194.39499999999998,68,229,0,Recent / Promising,False
17596,23,7,2827.93,403.99000000000007,168,4400,3,Champions / VIP,False
17597,214,1,2044.3700000000001,2044.37,55,1176,1,At risk / Lapsed,False
17600,18,1,161.67000000000002,161.67000000000002,13,144,0,Recent / Promising,False
17601,239,1,116.00999999999999,116.00999999999999,9,103,1,At risk / Lapsed,False
17602,2,6,5102.97,850.495,335,4151,3,Champions / VIP,False
17603,78,1,394.72,394.71999999999997,11,74,1,At risk / Lapsed,False
17604,217,2,309.36,154.67999999999998,57,169,1,At risk / Lapsed,False
17608,33,2,193.42,96.71000000000001,54,232,0,Recent / Promising,False
17609,41,5,1104.72,220.94399999999996,198,696,2,Loyal / Core,False
17611,7,15,3984.22,265.61466666666666,440,2560,3,Champions / VIP,False
17612,53,6,2048.45,341.4083333333333,116,1808,2,Loyal / Core,False
17613,23,14,4559.150000000001,325.65357142857147,211,2496,3,Champions / VIP,False
17614,57,1,390.07,390.07000000000005,97,238,1,At risk / Lapsed,False
17615,130,3,329.6,109.86666666666669,13,140,1,At risk / Lapsed,False
17616,174,3,571.1999999999999,190.4,1,224,1,At risk / Lapsed,False
17618,6,3,971.58,323.86000000000007,56,331,0,Recent / Promising,False
17619,312,1,218.52,218.51999999999995,71,127,1,At risk / Lapsed,False
17620,60,1,81.44,81.44,4,60,1,At risk / Lapsed,False
17621,21,3,1379.9,459.96666666666664,24,514,2,Loyal / Core,False
17623,33,1,527.0500000000001,527.0500000000001,33,265,0,Recent / Promising,False
17624,15,2,843.48,421.74,49,554,0,Recent / Promising,False
17625,18,4,2047.0,511.75,223,1198,2,Loyal / Core,False
17628,81,1,75.75,75.75000000000001,5,79,1,At risk / Lapsed,False
17629,6,8,1814.12,226.765,106,1629,3,Champions / VIP,False
17630,170,2,503.59999999999997,251.79999999999998,24,158,1,At risk / Lapsed,False
17631,2,3,528.33,176.11000000000004,39,334,0,Recent / Promising,False
17633,31,4,1324.84,331.21000000000004,59,644,2,Loyal / Core,False
17634,36,9,2361.9700000000003,262.4411111111111,209,840,2,Loyal / Core,False
17636,19,1,285.56,285.55999999999995,20,182,0,Recent / Promising,False
17637,31,2,547.0600000000001,273.53000000000003,35,280,0,Recent / Promising,False
17639,276,1,108.5,108.5,7,49,1,At risk / Lapsed,False
17640,87,1,621.66,621.6600000000001,5,250,1,At risk / Lapsed,False
17642,120,2,712.29,356.145,34,474,1,At risk / Lapsed,False
17643,373,1,101.55,101.55,8,71,1,At risk / Lapsed,False
17644,1,11,2895.64,263.24,102,1793,3,Champions / VIP,False
17646,219,3,1008.39,336.13,46,323,2,Loyal / Core,False
17647,65,1,133.06,133.06,7,30,1,At risk / Lapsed,False
17648,61,4,1797.5,449.375,81,487,2,Loyal / Core,False
17649,138,1,868.49,868.49,52,399,1,At risk / Lapsed,False
17650,21,1,166.08,166.07999999999998,8,150,0,Recent / Promising,False
17651,12,10,3945.0,394.5,149,3112,3,Champions / VIP,False
17652,25,12,4867.72,405.6433333333334,118,2509,3,Champions / VIP,False
17653,37,4,1207.56,301.89,44,1409,2,Loyal / Core,False
17654,277,1,117.55,117.55000000000001,22,41,1,At risk / Lapsed,False
17655,11,7,2638.94,376.9914285714286,66,1116,3,Champions / VIP,False
17656,73,5,1674.69,334.93800000000005,67,1399,2,Loyal / Core,False
17658,26,2,595.42,297.71,17,616,0,Recent / Promising,False
17659,17,12,2999.46,249.955,127,1525,3,Champions / VIP,False
17660,141,1,196.0,196.0,37,130,1,At risk / Lapsed,False
17663,26,7,1802.91,257.5585714285715,63,797,2,Loyal / Core,False
17664,19,2,604.64,302.32,41,604,0,Recent / Promising,False
17666,4,2,728.16,364.0799999999999,14,596,0,Recent / Promising,False
17667,66,5,2055.51,411.10200000000003,85,1033,2,Loyal / Core,False
17668,1,2,347.75,173.875,14,93,0,Recent / Promising,False
17669,43,7,3406.7200000000003,486.6742857142857,45,1916,2,Loyal / Core,False
17670,228,1,205.7,205.7,11,110,1,At risk / Lapsed,False
17671,16,4,1572.71,393.17750000000007,40,772,2,Loyal / Core,False
17672,50,2,3178.17,1589.085,105,1690,2,Loyal / Core,False
17673,2,6,1629.12,271.52,118,1487,3,Champions / VIP,False
17674,74,2,551.04,275.52000000000004,19,672,1,At risk / Lapsed,False
17675,1,31,20374.28,657.2348387096774,239,8360,3,Champions / VIP,True
17676,4,6,1387.68,231.28,49,932,3,Champions / VIP,False
17677,2,30,16363.23,545.441,178,9775,3,Champions / VIP,True
17678,264,1,298.11,298.11,16,207,1,At risk / Lapsed,False
17679,53,2,1992.1100000000001,996.0550000000001,29,729,2,Loyal / Core,False
17680,24,1,184.4,184.39999999999998,11,96,0,Recent / Promising,False
17682,10,6,2474.33,412.38833333333326,48,1367,3,Champions / VIP,False
17684,44,1,239.41,239.41,15,145,1,At risk / Lapsed,False
17685,17,7,3191.53,455.9328571428572,88,1956,3,Champions / VIP,False
17686,7,7,5739.46,819.9228571428573,205,2478,3,Champions / VIP,False
17690,30,15,4757.95,317.19666666666666,186,1773,3,Champions / VIP,False
17691,358,2,290.40000000000003,145.2,18,134,1,At risk / Lapsed,False
17692,127,4,725.5799999999999,181.39499999999998,33,624,2,Loyal / Core,False
17693,137,1,200.47,200.46999999999997,16,231,1,At risk / Lapsed,False
17694,142,1,283.12,283.12,15,184,1,At risk / Lapsed,False
17695,132,2,765.34,382.6700000000001,30,779,1,At risk / Lapsed,False
17696,38,8,2285.71,285.71375000000006,78,1756,2,Loyal / Core,False
17697,236,1,338.95,338.95000000000005,19,93,1,At risk / Lapsed,False
17698,261,1,154.95,154.95,8,93,1,At risk / Lapsed,False
17700,17,4,2534.64,633.66,116,1266,2,Loyal / Core,False
17701,253,1,417.95,417.95000000000005,24,109,1,At risk / Lapsed,False
17702,30,4,1824.37,456.0925,58,1353,2,Loyal / Core,False
17703,35,3,798.74,266.24666666666667,47,590,2,Loyal / Core,False
17704,169,2,885.19,442.59499999999997,27,343,1,At risk / Lapsed,False
17705,3,9,1823.52,202.61333333333334,63,963,3,Champions / VIP,False
17706,4,17,10504.49,617.9111764705882,270,3899,3,Champions / VIP,False
17707,185,2,152.4,76.19999999999999,3,144,1,At risk / Lapsed,False
17708,188,2,267.08,133.54000000000002,28,91,1,At risk / Lapsed,False
17709,170,1,137.45,137.45,7,17,1,At risk / Lapsed,False
17711,11,2,385.1,192.55,22,246,0,Recent / Promising,False
17712,45,1,522.91,522.91,29,215,0,Recent / Promising,False
17714,321,1,153.0,153.0,10,92,1,At risk / Lapsed,False
17715,201,1,326.4,326.4,1,384,1,At risk / Lapsed,False
17716,23,11,5655.99,514.180909090909,171,3072,3,Champions / VIP,False
17718,232,1,139.35,139.35,6,83,1,At risk / Lapsed,False
17719,38,15,5396.04,359.736,111,2466,3,Champions / VIP,False
17720,26,4,1195.94,298.985,39,576,2,Loyal / Core,False
17722,96,4,2424.04,606.01,111,1595,2,Loyal / Core,False
17723,127,6,3276.4000000000005,546.0666666666667,4,792,2,Loyal / Core,False
17724,71,3,1033.0,344.3333333333333,38,300,2,Loyal / Core,False
17725,16,11,3439.08,312.64363636363635,115,2162,3,Champions / VIP,False
17727,15,1,1060.25,1060.25,66,645,0,Recent / Promising,False
17728,4,3,2876.01,958.6700000000001,153,1469,3,Champions / VIP,False
17730,3,13,5298.4800000000005,407.57538461538456,127,3576,3,Champions / VIP,False
17731,79,4,1240.11,310.0275,54,493,2,Loyal / Core,False
17732,373,1,303.97,303.96999999999997,18,93,1,At risk / Lapsed,False
17733,39,2,692.19,346.09499999999997,33,463,0,Recent / Promising,False
17734,54,3,700.63,233.54333333333332,40,422,2,Loyal / Core,False
17735,2,19,13110.02,690.001052631579,319,8439,3,Champions / VIP,True
17736,9,3,377.44,125.81333333333333,24,238,0,Recent / Promising,False
17737,9,2,168.24,84.12,8,108,0,Recent / Promising,False
17738,19,4,1879.05,469.7625,89,1029,2,Loyal / Core,False
17739,12,7,2791.35,398.7642857142858,29,861,3,Champions / VIP,False
17742,113,2,355.11,177.555,13,89,1,At risk / Lapsed,False
17744,4,6,2322.4,387.06666666666666,110,3412,3,Champions / VIP,False
17746,240,1,110.25,110.25000000000001,6,29,1,At risk / Lapsed,False
17747,113,1,71.4,71.4,1,12,1,At risk / Lapsed,False
17749,178,2,674.52,337.26,33,320,1,At risk / Lapsed,False
17750,5,9,1781.28,197.92,100,3906,3,Champions / VIP,False
17752,359,1,80.64,80.64,1,192,1,At risk / Lapsed,False
17754,1,5,1772.26,354.45199999999994,82,1869,3,Champions / VIP,False
17757,1,30,5601.34,186.71133333333333,274,3319,3,Champions / VIP,True
17758,19,8,3456.7000000000003,432.0875,310,2091,3,Champions / VIP,False
17759,17,3,833.74,277.91333333333336,81,707,0,Recent / Promising,False
17760,22,2,287.59,143.79500000000002,25,239,0,Recent / Promising,False
17761,33,1,712.78,712.78,19,398,0,Recent / Promising,False
17763,263,1,15.0,15.0,1,12,1,At risk / Lapsed,False
17764,51,2,818.8199999999999,409.41,71,395,2,Loyal / Core,False
17765,159,3,371.88,123.96,51,144,1,At risk / Lapsed,False
17767,15,1,271.2,271.20000000000005,21,128,0,Recent / Promising,False
17768,8,3,2273.1800000000003,757.7266666666666,77,1186,2,Loyal / Core,False
17769,13,10,3997.98,399.79800000000006,200,1862,3,Champions / VIP,False
17770,199,5,1143.27,228.65399999999994,33,365,2,Loyal / Core,False
17771,57,2,245.33,122.665,50,283,1,At risk / Lapsed,False
17772,11,2,182.77,91.38499999999999,50,58,0,Recent / Promising,False
17774,97,4,1225.41,306.35249999999996,123,512,2,Loyal / Core,False
17775,255,1,56.4,56.4,3,72,1,At risk / Lapsed,False
17777,25,3,665.86,221.95333333333338,141,507,0,Recent / Promising,False
17779,21,3,658.57,219.52333333333334,73,397,0,Recent / Promising,False
17781,159,2,188.02,94.00999999999999,12,34,1,At risk / Lapsed,False
17783,72,2,283.47,141.73499999999996,67,354,1,At risk / Lapsed,False
17785,53,1,131.94,131.94,13,67,1,At risk / Lapsed,False
17786,85,2,278.74,139.37,57,200,1,At risk / Lapsed,False
17787,153,4,1865.19,466.2975,94,910,2,Loyal / Core,False
17788,74,2,1112.95,556.475,2,210,2,Loyal / Core,False
17789,281,1,225.9,225.9,14,74,1,At risk / Lapsed,False
17790,27,14,1965.55,140.39642857142857,121,836,3,Champions / VIP,False
17791,30,1,106.1,106.1,10,46,0,Recent / Promising,False
17793,25,1,323.04,323.04,49,232,0,Recent / Promising,False
17795,180,2,350.39,175.19499999999996,43,341,1,At risk / Lapsed,False
17796,40,4,697.9,174.47500000000002,63,178,2,Loyal / Core,False
17797,22,3,780.43,260.1433333333334,102,498,0,Recent / Promising,False
17799,22,10,3055.93,305.593,280,1758,3,Champions / VIP,False
17800,37,9,1198.01,133.1122222222222,50,735,2,Loyal / Core,False
17802,82,3,1285.04,428.34666666666664,102,752,2,Loyal / Core,False
17805,74,1,512.31,512.31,10,478,1,At risk / Lapsed,False
17806,11,1,546.04,546.04,43,727,0,Recent / Promising,False
17809,16,12,5411.91,450.9925,46,2057,3,Champions / VIP,False
17811,4,39,7831.03,200.79564102564103,358,4176,3,Champions / VIP,True
17812,13,4,732.16,183.03999999999996,113,350,0,Recent / Promising,False
17813,14,5,1770.8799999999999,354.176,297,790,2,Loyal / Core,False
17816,37,4,36.56,9.139999999999999,16,30,0,Recent / Promising,True
17817,4,3,387.68,129.22666666666666,32,67,0,Recent / Promising,False
17819,72,7,3704.87,529.2671428571429,36,1031,2,Loyal / Core,False
17824,51,1,298.4,298.4,13,408,1,At risk / Lapsed,False
17827,5,5,1995.46,399.092,190,1247,3,Champions / VIP,False
17828,23,4,1165.09,291.2725,53,655,2,Loyal / Core,False
17829,299,1,889.24,889.24,30,496,1,At risk / Lapsed,False
17830,2,3,398.7,132.89999999999998,18,92,0,Recent / Promising,False
17831,33,1,35.400000000000006,35.400000000000006,2,12,1,At risk / Lapsed,False
17832,50,1,155.37,155.37000000000003,61,208,1,At risk / Lapsed,False
17835,3,3,350.64,116.87999999999998,45,348,0,Recent / Promising,False
17836,47,1,109.83,109.83,22,87,1,At risk / Lapsed,False
17837,42,8,1587.48,198.435,109,516,2,Loyal / Core,False
17838,27,5,2779.3,555.86,96,1879,2,Loyal / Core,False
17839,42,1,338.8,338.79999999999995,50,285,0,Recent / Promising,False
17841,2,124,40967.72,330.3848387096774,1322,23053,3,Champions / VIP,True
17843,303,1,197.73,197.73,35,88,1,At risk / Lapsed,False
17844,107,1,51.559999999999995,51.56,5,52,1,At risk / Lapsed,False
17848,81,9,901.1999999999999,100.13333333333334,41,398,2,Loyal / Core,False
17849,218,4,605.8000000000001,151.45000000000002,14,114,2,Loyal / Core,False
17850,372,34,5391.21,158.56500000000003,21,1733,3,Champions / VIP,True
17852,12,2,114.34,57.17,21,53,0,Recent / Promising,False
17854,185,2,311.26,155.63,15,84,1,At risk / Lapsed,False
17855,373,1,208.97,208.97,17,197,1,At risk / Lapsed,False
17856,2,4,1418.03,354.50750000000005,12,842,0,Recent / Promising,False
17857,4,22,25301.54,1150.07,18,14822,3,Champions / VIP,True
17858,6,12,5155.66,429.6383333333333,101,2706,3,Champions / VIP,False
17859,305,1,148.21,148.21,23,127,1,At risk / Lapsed,False
17860,369,1,252.8,252.8,49,104,1,At risk / Lapsed,False
17861,3,8,2100.8,262.6,172,1988,3,Champions / VIP,False
17862,324,1,330.9,330.9,11,100,1,At risk / Lapsed,False
17863,59,6,3160.0,526.6666666666666,110,2638,2,Loyal / Core,False
17864,13,3,597.5,199.16666666666666,70,810,0,Recent / Promising,False
17865,31,20,10524.220000000001,526.211,190,5756,3,Champions / VIP,True
17866,143,1,329.65,329.65,9,174,1,At risk / Lapsed,False
17867,30,6,1197.1000000000001,199.51666666666674,62,542,2,Loyal / Core,False
17869,107,5,428.18,85.636,37,111,2,Loyal / Core,False
17870,2,12,1894.35,157.8625,214,1401,3,Champions / VIP,False
17871,205,1,155.9,155.90000000000003,10,182,1,At risk / Lapsed,False
17873,80,5,1729.7800000000002,345.956,23,1046,2,Loyal / Core,False
17874,185,6,683.46,113.91000000000003,37,221,2,Loyal / Core,False
17877,170,1,237.61,237.61,12,98,1,At risk / Lapsed,False
17878,44,1,379.45,379.45,26,401,1,At risk / Lapsed,False
17879,174,1,178.51999999999998,178.51999999999998,6,45,1,At risk / Lapsed,False
17880,365,1,458.92,458.91999999999996,26,314,1,At risk / Lapsed,False
17881,304,1,133.35000000000002,133.35000000000002,8,32,1,At risk / Lapsed,False
17883,3,4,671.77,167.9425,133,379,0,Recent / Promising,False
17884,4,4,717.45,179.3625,107,854,0,Recent / Promising,False
17885,12,1,190.19,190.19,50,167,0,Recent / Promising,False
17886,32,3,899.61,299.86999999999995,93,481,2,Loyal / Core,False
17887,129,1,111.35,111.35,10,30,1,At risk / Lapsed,False
17888,21,8,726.05,90.75625,60,980,2,Loyal / Core,False
17889,212,2,203.87,101.935,20,79,1,At risk / Lapsed,False
17890,323,2,602.09,301.0450000000001,88,416,1,At risk / Lapsed,False
17891,162,1,203.85999999999999,203.85999999999996,34,393,1,At risk / Lapsed,False
17892,56,3,244.1,81.36666666666667,27,109,1,At risk / Lapsed,False
17893,225,1,112.25,112.25,15,161,1,At risk / Lapsed,False
17894,72,8,1119.39,139.92374999999998,126,403,2,Loyal / Core,False
17895,44,1,98.0,98.0,15,130,1,At risk / Lapsed,False
17896,23,1,256.32,256.32,2,288,0,Recent / Promising,False
17897,173,3,566.6,188.86666666666667,100,229,1,At risk / Lapsed,False
17898,85,2,152.06,76.03,27,190,1,At risk / Lapsed,False
17899,159,1,155.8,155.79999999999998,29,171,1,At risk / Lapsed,False
17900,190,2,112.19999999999999,56.099999999999994,4,73,1,At risk / Lapsed,False
17901,29,1,110.38,110.38,19,24,0,Recent / Promising,False
17904,21,1,191.67,191.66999999999993,33,63,0,Recent / Promising,False
17905,71,4,800.24,200.06,33,407,2,Loyal / Core,False
17906,247,1,72.9,72.9,12,26,1,At risk / Lapsed,False
17908,374,1,243.28,243.27999999999997,51,173,1,At risk / Lapsed,False
17911,9,1,366.23,366.23,39,223,0,Recent / Promising,False
17912,310,5,311.01,62.202,35,185,1,At risk / Lapsed,False
17913,59,2,411.6,205.79999999999998,55,289,1,At risk / Lapsed,False
17914,4,1,336.43,336.43,72,473,0,Recent / Promising,False
17917,45,3,341.28,113.76,77,187,0,Recent / Promising,False
17919,88,1,1304.04,1304.0400000000002,23,756,1,At risk / Lapsed,False
17920,4,17,4192.2,246.6,406,2514,3,Champions / VIP,False
17921,64,4,826.52,206.63,114,430,2,Loyal / Core,False
17923,282,1,207.50000000000003,207.50000000000003,1,50,1,At risk / Lapsed,False
17924,12,7,2962.5,423.21428571428584,26,1160,3,Champions / VIP,False
17925,373,1,244.08,244.08,1,72,1,At risk / Lapsed,False
17926,133,2,397.29,198.645,17,306,1,At risk / Lapsed,False
17928,45,2,184.46,92.23,22,68,1,At risk / Lapsed,False
17929,11,4,843.0,210.75,4,108,0,Recent / Promising,False
17930,36,5,1740.48,348.09599999999995,26,1594,2,Loyal / Core,False
17931,134,2,408.36,204.18,63,249,1,At risk / Lapsed,False
17932,29,3,1331.57,443.8566666666666,84,789,2,Loyal / Core,False
17934,52,2,704.25,352.125,21,478,2,Loyal / Core,False
17935,138,2,142.89,71.44500000000001,27,81,1,At risk / Lapsed,False
17936,5,1,389.84,389.84,68,262,0,Recent / Promising,False
17937,9,7,4301.22,614.46,19,1754,3,Champions / VIP,False
17939,160,1,99.14,99.14000000000001,12,40,1,At risk / Lapsed,False
17940,49,9,2238.58,248.7311111111111,5,9754,2,Loyal / Core,False
17941,131,1,304.56,304.56,2,252,1,At risk / Lapsed,False
17942,8,1,77.50000000000001,77.50000000000001,2,38,0,Recent / Promising,False
17946,233,2,149.57999999999998,74.79,18,75,1,At risk / Lapsed,False
17947,37,1,176.68,176.67999999999998,9,168,1,At risk / Lapsed,False
17948,147,1,358.56000000000006,358.56000000000006,1,144,1,At risk / Lapsed,False
17949,1,44,58030.48,1318.8745454545456,28,30450,3,Champions / VIP,True
17950,72,3,482.2,160.73333333333332,63,366,2,Loyal / Core,False
17951,40,3,1008.5400000000001,336.1800000000001,18,616,2,Loyal / Core,False
17954,5,12,2332.72,194.39333333333335,326,2234,3,Champions / VIP,False
17955,199,4,557.3,139.325,14,273,2,Loyal / Core,False
17956,249,1,12.75,12.75,1,1,1,At risk / Lapsed,True
17957,66,1,110.72,110.72,30,275,1,At risk / Lapsed,False
17958,117,1,508.4599999999999,508.4599999999999,7,84,1,At risk / Lapsed,False
17960,171,1,73.78,73.78,26,41,1,At risk / Lapsed,False
17961,21,39,1296.44,33.242051282051285,211,560,3,Champions / VIP,True
17962,142,1,102.83,102.83,33,128,1,At risk / Lapsed,False
17964,32,2,471.7,235.84999999999997,84,301,0,Recent / Promising,False
17965,38,14,2622.57,187.32642857142858,274,1556,3,Champions / VIP,False
17966,38,5,1098.43,219.68599999999998,53,2571,2,Loyal / Core,False
17967,372,1,123.07,123.07,41,80,1,At risk / Lapsed,False
17968,374,1,277.35,277.35,74,160,1,At risk / Lapsed,False
17969,166,2,228.2,114.10000000000001,14,152,1,At risk / Lapsed,False
17970,211,1,582.59,582.59,27,525,1,At risk / Lapsed,False
17972,242,1,136.04,136.04,30,37,1,At risk / Lapsed,False
17973,52,1,337.04,337.03999999999996,15,176,1,At risk / Lapsed,False
17974,25,3,740.79,246.92999999999998,143,519,0,Recent / Promising,False
17975,15,13,4485.51,345.0392307692308,188,1566,3,Champions / VIP,False
17976,372,1,353.19,353.19000000000005,56,106,1,At risk / Lapsed,False
17977,29,1,288.14,288.14,19,342,0,Recent / Promising,False
17978,365,1,300.91999999999996,300.91999999999996,12,499,1,At risk / Lapsed,False
17979,36,4,754.31,188.5775,115,393,2,Loyal / Core,False
17980,166,3,811.45,270.48333333333335,23,682,2,Loyal / Core,False
17984,145,1,152.68,152.68,48,98,1,At risk / Lapsed,False
17985,22,1,634.95,634.9499999999999,20,183,0,Recent / Promising,False
17986,56,1,20.8,20.8,1,10,1,At risk / Lapsed,False
17987,185,1,198.57,198.57,13,261,1,At risk / Lapsed,False
17988,12,7,201.12,28.73142857142857,37,43,0,Recent / Promising,False
17990,237,3,630.84,210.28,27,414,1,At risk / Lapsed,False
17991,225,2,93.35,46.675,4,25,1,At risk / Lapsed,False
17994,122,4,678.49,169.6225,63,497,2,Loyal / Core,False
17995,282,1,76.1,76.1,2,133,1,At risk / Lapsed,False
17997,74,8,1970.6699999999998,246.33375,133,2298,2,Loyal / Core,False
17999,37,2,382.06,191.03000000000003,87,221,0,Recent / Promising,False
18001,12,2,417.23,208.61499999999998,56,363,0,Recent / Promising,False
18004,362,1,169.47,169.47,32,78,1,At risk / Lapsed,False
18005,4,2,249.72,124.85999999999999,52,93,0,Recent / Promising,False
18006,23,1,444.68,444.68,21,220,0,Recent / Promising,False
18008,70,9,2116.19,235.13222222222223,24,1581,2,Loyal / Core,False
18009,235,1,257.34,257.34,31,126,1,At risk / Lapsed,False
18010,257,1,174.8,174.79999999999998,14,60,1,At risk / Lapsed,False
18011,373,1,102.78999999999999,102.79,28,71,1,At risk / Lapsed,False
18013,155,2,187.29,93.645,31,285,1,At risk / Lapsed,False
18014,28,1,158.47,158.47,28,67,0,Recent / Promising,False
18015,4,1,120.03,120.03000000000002,46,157,0,Recent / Promising,False
18016,32,5,1483.56,296.712,90,1029,2,Loyal / Core,False
18017,81,3,523.0,174.33333333333334,1,300,2,Loyal / Core,False
18018,108,2,122.14,61.07,29,55,1,At risk / Lapsed,False
18019,52,1,38.45,38.45,5,7,1,At risk / Lapsed,False
18022,36,1,668.11,668.1099999999999,141,736,0,Recent / Promising,False
18024,153,2,389.78,194.89,21,184,1,At risk / Lapsed,False
18027,99,1,115.31,115.30999999999999,21,78,1,At risk / Lapsed,False
18030,4,2,230.64999999999998,115.32499999999999,8,67,0,Recent / Promising,False
18032,334,1,73.5,73.5,5,42,1,At risk / Lapsed,False
18033,65,1,97.97,97.97000000000001,32,253,1,At risk / Lapsed,False
18034,22,2,422.88,211.43999999999997,99,561,0,Recent / Promising,False
18035,36,3,730.4,243.46666666666673,44,611,2,Loyal / Core,False
18036,32,3,405.62,135.20666666666668,77,234,0,Recent / Promising,False
18037,154,6,70.02,11.67,19,20,1,At risk / Lapsed,True
18040,19,2,357.20000000000005,178.6,18,148,0,Recent / Promising,False
18041,12,21,4183.39,199.20904761904762,285,3819,3,Champions / VIP,False
18042,54,1,165.04999999999998,165.04999999999998,7,33,1,At risk / Lapsed,False
18043,25,3,559.51,186.50333333333333,106,282,0,Recent / Promising,False
18044,4,10,2088.6,208.85999999999999,88,1033,3,Champions / VIP,False
18045,45,1,189.4,189.39999999999998,43,142,1,At risk / Lapsed,False
18048,203,2,172.29000000000002,86.14500000000001,6,127,1,At risk / Lapsed,False
18050,359,1,74.4,74.4,5,40,1,At risk / Lapsed,False
18053,71,1,300.02,300.0200000000001,20,302,1,At risk / Lapsed,False
18055,7,10,6784.1900000000005,678.4190000000001,223,2455,3,Champions / VIP,False
18056,288,1,363.65,363.65,19,211,1,At risk / Lapsed,False
18058,10,1,170.16,170.16,3,88,0,Recent / Promising,False
18059,23,3,306.46,102.15333333333332,17,258,0,Recent / Promising,False
18061,22,10,2119.41,211.94099999999997,18,955,3,Champions / VIP,False
18062,173,3,720.52,240.17333333333337,23,396,2,Loyal / Core,False
18064,133,2,814.0,407.0,7,384,1,At risk / Lapsed,False
18065,6,14,2392.83,170.91642857142855,110,1027,3,Champions / VIP,False
18066,75,1,318.0,318.0,10,108,1,At risk / Lapsed,False
18067,40,1,396.33,396.33000000000004,36,189,0,Recent / Promising,False
18068,289,1,101.69999999999999,101.69999999999999,1,6,1,At risk / Lapsed,False
18069,26,5,2036.67,407.334,334,1311,2,Loyal / Core,False
18071,258,2,453.0,226.5,23,260,1,At risk / Lapsed,False
18072,186,1,247.44,247.44,18,288,1,At risk / Lapsed,False
18073,114,12,3877.5200000000004,323.1266666666666,23,3108,2,Loyal / Core,False
18074,374,1,489.6,489.6,13,190,1,At risk / Lapsed,False
18075,23,10,2611.75,261.175,97,1464,3,Champions / VIP,False
18077,8,11,2633.0099999999998,239.36454545454546,101,1878,3,Champions / VIP,False
18078,217,2,336.13,168.065,27,145,1,At risk / Lapsed,False
18079,45,4,3651.97,912.9924999999998,99,7432,2,Loyal / Core,False
18080,19,2,1231.5,615.75,2,642,0,Recent / Promising,False
18081,36,3,343.45,114.48333333333333,14,195,0,Recent / Promising,False
18082,26,1,703.37,703.37,62,621,0,Recent / Promising,False
18084,16,1,90.47999999999999,90.47999999999999,1,312,0,Recent / Promising,False
18085,330,2,689.95,344.97499999999997,25,265,1,At risk / Lapsed,False
18086,274,1,101.34,101.33999999999999,7,106,1,At risk / Lapsed,False
18087,291,1,3202.9199999999996,3202.9199999999996,1,3906,2,Loyal / Core,False
18088,61,1,167.67000000000002,167.66999999999996,35,109,1,At risk / Lapsed,False
18092,2,11,9068.26,824.3872727272727,28,4252,3,Champions / VIP,False
18093,93,4,2106.52,526.63,31,1392,2,Loyal / Core,False
18094,82,7,3017.3,431.04285714285714,39,2518,2,Loyal / Core,False
18095,313,2,580.0500000000001,290.025,20,419,1,At risk / Lapsed,False
18096,12,3,911.15,303.7166666666667,157,825,0,Recent / Promising,False
18097,8,6,2697.8,449.6333333333334,65,1686,3,Champions / VIP,False
18099,127,1,168.31,168.31,19,149,1,At risk / Lapsed,False
18101,11,2,223.65,111.82499999999999,37,88,0,Recent / Promising,False
18102,1,60,259657.3,4327.621666666667,150,64124,3,Champions / VIP,True
18104,37,1,754.64,754.6400000000001,38,362,0,Recent / Promising,False
18105,38,1,113.48000000000002,113.48000000000002,18,46,1,At risk / Lapsed,False
18106,330,1,430.7,430.7,33,128,1,At risk / Lapsed,False
18108,254,1,271.0,271.0,17,84,1,At risk / Lapsed,False
18109,2,26,8052.97,309.7296153846154,119,4237,3,Champions / VIP,True
18110,20,1,236.3,236.3,33,86,0,Recent / Promising,False
18112,12,2,352.69,176.34500000000003,26,255,0,Recent / Promising,False
18113,369,1,76.32000000000001,76.32000000000001,1,72,1,At risk / Lapsed,False
18114,290,1,220.1,220.1,28,55,1,At risk / Lapsed,False
18116,68,8,1414.43,176.80375,229,830,2,Loyal / Core,False
18117,26,1,319.47,319.47,67,617,0,Recent / Promising,False
18118,11,26,5651.42,217.3623076923077,423,2870,3,Champions / VIP,False
18119,368,1,181.12,181.11999999999995,29,125,1,At risk / Lapsed,False
18120,214,1,111.15,111.14999999999999,17,31,1,At risk / Lapsed,False
18121,149,2,673.1,336.55,28,450,1,At risk / Lapsed,False
18122,8,6,1824.99,304.165,238,1224,3,Champions / VIP,False
18123,24,2,589.4399999999999,294.72,31,594,0,Recent / Promising,False
18125,30,4,1142.99,285.7475,164,804,2,Loyal / Core,False
18126,61,1,204.49,204.49000000000004,51,138,1,At risk / Lapsed,False
18127,19,3,348.73,116.24333333333334,41,188,0,Recent / Promising,False
18129,243,1,112.55000000000001,112.55,13,48,1,At risk / Lapsed,False
18130,15,3,1059.39,353.12999999999994,58,824,0,Recent / Promising,False
18133,212,1,931.4999999999999,931.4999999999999,1,1350,1,At risk / Lapsed,False
18135,29,5,681.9100000000001,136.382,11,349,2,Loyal / Core,False
18136,63,3,784.33,261.44333333333327,34,379,2,Loyal / Core,False
18138,295,1,152.65,152.65,8,38,1,At risk / Lapsed,False
18139,18,6,8438.34,1406.39,35,5557,3,Champions / VIP,False
18142,157,2,1019.52,509.76,9,1276,1,At risk / Lapsed,False
18143,117,2,1000.16,500.08000000000004,59,570,2,Loyal / Core,False
18144,8,12,2888.75,240.7291666666667,27,1343,3,Champions / VIP,False
18145,13,4,2861.55,715.3875,174,2625,2,Loyal / Core,False
18146,141,2,160.35000000000002,80.175,10,153,1,At risk / Lapsed,False
18147,46,2,179.33999999999997,89.66999999999999,7,203,1,At risk / Lapsed,False
18149,51,3,612.0799999999999,204.02666666666664,11,310,2,Loyal / Core,False
18150,32,3,566.58,188.86000000000004,29,332,0,Recent / Promising,False
18151,135,2,653.35,326.67499999999995,38,355,1,At risk / Lapsed,False
18154,3,2,399.19,199.59499999999997,15,255,0,Recent / Promising,False
18155,75,3,371.62,123.87333333333335,19,266,1,At risk / Lapsed,False
18156,13,2,734.94,367.47,100,301,0,Recent / Promising,False
18158,9,2,453.4,226.7,24,354,0,Recent / Promising,False
18159,301,1,530.15,530.1500000000001,23,139,1,At risk / Lapsed,False
18160,57,2,638.0600000000001,319.0300000000001,37,294,2,Loyal / Core,False
18161,15,5,1618.69,323.738,49,812,2,Loyal / Core,False
18164,37,1,399.65000000000003,399.65,24,184,0,Recent / Promising,False
18165,177,1,302.46000000000004,302.46000000000004,10,254,1,At risk / Lapsed,False
18167,23,3,1384.8600000000001,461.61999999999995,24,382,2,Loyal / Core,False
18168,176,6,1169.94,194.99,97,594,2,Loyal / Core,False
18169,61,1,202.65,202.65,9,61,1,At risk / Lapsed,False
18170,33,3,980.31,326.77000000000004,29,409,2,Loyal / Core,False
18171,59,5,1231.31,246.262,43,481,2,Loyal / Core,False
18172,15,20,7561.68,378.084,100,3184,3,Champions / VIP,False
18173,87,4,2106.84,526.7100000000002,23,1220,2,Loyal / Core,False
18174,7,1,104.0,104.0,1,50,0,Recent / Promising,False
18176,358,1,476.35,476.35,30,283,1,At risk / Lapsed,False
18177,31,6,1341.42,223.57000000000002,53,710,2,Loyal / Core,False
18178,129,4,1590.81,397.7025,80,983,2,Loyal / Core,False
18179,9,6,1793.17,298.86166666666674,86,1360,3,Champions / VIP,False
18180,5,6,1843.75,307.29166666666674,108,1721,3,Champions / VIP,False
18181,24,1,382.8,382.7999999999999,40,146,0,Recent / Promising,False
18183,227,2,632.07,316.0350000000001,36,371,1,At risk / Lapsed,False
18184,15,1,49.8,49.8,1,60,0,Recent / Promising,False
18185,249,1,304.25,304.25,17,183,1,At risk / Lapsed,False
18188,15,3,2001.04,667.0133333333332,63,1168,2,Loyal / Core,False
18189,78,2,1090.24,545.1200000000001,65,566,2,Loyal / Core,False
18190,192,2,284.46000000000004,142.23,14,140,1,At risk / Lapsed,False
18191,262,1,207.79999999999998,207.79999999999998,7,140,1,At risk / Lapsed,False
18192,72,1,957.97,957.9699999999999,45,339,1,At risk / Lapsed,False
18193,165,1,243.76,243.76,16,124,1,At risk / Lapsed,False
18194,82,1,973.8399999999999,973.8399999999999,7,632,1,At risk / Lapsed,False
18196,95,2,689.13,344.56500000000005,131,433,1,At risk / Lapsed,False
18198,4,17,5425.56,319.1505882352942,81,4074,3,Champions / VIP,False
18200,106,1,163.8,163.8,29,111,1,At risk / Lapsed,False
18202,200,3,1396.99,465.6633333333334,55,581,2,Loyal / Core,False
18203,157,1,160.42000000000002,160.42000000000002,19,43,1,At risk / Lapsed,False
18204,71,3,1993.7,664.5666666666667,159,1200,2,Loyal / Core,False
18205,36,2,517.36,258.67999999999995,30,192,0,Recent / Promising,False
18209,29,1,139.10000000000002,139.10000000000002,8,58,0,Recent / Promising,False
18210,2,6,2621.38,436.8966666666667,109,1398,3,Champions / VIP,False
18211,26,5,600.07,120.01400000000001,37,359,2,Loyal / Core,False
18212,326,1,248.42,248.42,30,101,1,At risk / Lapsed,False
18213,237,1,232.48000000000002,232.48000000000002,15,232,1,At risk / Lapsed,False
18215,89,1,299.34000000000003,299.34,13,118,1,At risk / Lapsed,False
18216,31,1,481.75,481.74999999999994,26,200,0,Recent / Promising,False
18217,29,2,621.75,310.87500000000006,27,491,0,Recent / Promising,False
18218,211,2,662.08,331.04,17,584,1,At risk / Lapsed,False
18219,3,10,2069.77,206.977,58,885,3,Champions / VIP,False
18220,227,1,305.28000000000003,305.28000000000003,2,288,1,At risk / Lapsed,False
18221,22,5,1041.61,208.32200000000003,59,791,2,Loyal / Core,False
18222,93,1,443.0,443.0,19,335,1,At risk / Lapsed,False
18223,5,14,6484.54,463.18142857142857,116,2948,3,Champions / VIP,False
18224,264,1,158.95000000000002,158.95000000000002,10,69,1,At risk / Lapsed,False
18225,3,12,5509.12,459.0933333333334,150,3244,3,Champions / VIP,False
18226,44,11,5228.05,475.2772727272728,141,3466,3,Champions / VIP,False
18227,218,1,93.75,93.75,5,21,1,At risk / Lapsed,False
18228,57,2,779.9,389.95,23,238,2,Loyal / Core,False
18229,12,20,7276.900000000001,363.84499999999997,66,2488,3,Champions / VIP,False
18230,9,7,2810.2000000000003,401.45714285714274,32,1316,3,Champions / VIP,False
18231,192,5,2083.27,416.6539999999999,106,821,2,Loyal / Core,False
18232,82,4,592.97,148.2425,31,302,2,Loyal / Core,False
18233,326,1,440.0,440.0,1,4,1,At risk / Lapsed,False
18235,72,3,1796.48,598.8266666666667,100,1578,2,Loyal / Core,False
18236,30,6,882.24,147.04,42,403,2,Loyal / Core,False
18237,3,5,987.1,197.42000000000002,40,622,0,Recent / Promising,False
18239,219,5,1561.6100000000001,312.322,80,795,2,Loyal / Core,False
18240,46,1,422.58,422.58000000000004,6,126,1,At risk / Lapsed,False
18241,10,17,2073.09,121.9464705882353,60,1051,3,Champions / VIP,False
18242,72,4,2232.4900000000002,558.1225000000001,72,1017,2,Loyal / Core,False
18245,7,7,2567.06,366.7228571428572,153,1788,3,Champions / VIP,False
18246,24,2,596.1,298.04999999999995,3,166,0,Recent / Promising,False
18248,123,2,804.02,402.01,39,511,1,At risk / Lapsed,False
18249,17,1,95.34,95.34,8,128,0,Recent / Promising,False
18250,310,1,349.27,349.27000000000004,21,199,1,At risk / Lapsed,False
18251,87,1,4314.72,4314.72,16,7824,2,Loyal / Core,False
18252,51,2,526.67,263.33500000000004,90,239,0,Recent / Promising,False
18255,89,1,103.3,103.3,6,74,1,At risk / Lapsed,False
18257,39,8,2337.63,292.20375000000007,97,1041,2,Loyal / Core,False
18259,25,3,2338.6000000000004,779.5333333333334,27,714,2,Loyal / Core,False
18260,173,6,2643.2000000000003,440.5333333333333,86,1478,2,Loyal / Core,False
18261,43,2,324.24,162.12,19,146,0,Recent / Promising,False
18262,140,1,149.48,149.48,13,182,1,At risk / Lapsed,False
18263,26,3,1213.1599999999999,404.3866666666666,59,1468,2,Loyal / Core,False
18265,72,2,801.51,400.75500000000005,44,311,2,Loyal / Core,False
18268,134,1,25.5,25.5,1,2,1,At risk / Lapsed,False
18269,366,1,168.6,168.6,7,76,1,At risk / Lapsed,False
18270,38,2,283.15,141.57500000000002,11,101,0,Recent / Promising,False
18272,3,6,3078.58,513.0966666666667,99,2050,3,Champions / VIP,False
18273,2,3,204.0,68.0,1,80,0,Recent / Promising,False
18274,30,1,175.92,175.92000000000002,11,88,0,Recent / Promising,False
18276,44,1,335.86,335.8599999999999,14,186,1,At risk / Lapsed,False
18277,58,1,110.38,110.38,8,68,1,At risk / Lapsed,False
18278,74,1,173.9,173.89999999999998,9,66,1,At risk / Lapsed,False
18280,278,1,180.60000000000002,180.6,10,45,1,At risk / Lapsed,False
18281,181,1,80.82,80.82,7,54,1,At risk / Lapsed,False
18282,8,2,178.05,89.025,12,103,0,Recent / Promising,False
18283,4,16,2088.93,130.55812500000002,262,1395,3,Champions / VIP,False
18287,43,3,1837.28,612.4266666666667,59,1586,2,Loyal / Core,False
